ACCELEROMETER X (m/s²),ACCELEROMETER Y (m/s²),ACCELEROMETER Z (m/s²),GRAVITY X (m/s²),GRAVITY Y (m/s²),GRAVITY Z (m/s²),LINEAR ACCELERATION X (m/s²),LINEAR ACCELERATION Y (m/s²),LINEAR ACCELERATION Z (m/s²),GYROSCOPE X (°/s),GYROSCOPE Y (°/s),GYROSCOPE Z (°/s),LIGHT (lux),MAGNETIC FIELD X (μT),MAGNETIC FIELD Y (μT),MAGNETIC FIELD Z (μT),ORIENTATION Z (azimuth °),ORIENTATION X (pitch °),ORIENTATION Y (roll °),PROXIMITY (i),ATMOSPHERIC PRESSURE (hPa),SOUND LEVEL (dB),LOCATION Latitude : ,LOCATION Longitude : ,LOCATION Altitude ( m),LOCATION Altitude-google ( m),LOCATION Altitude-atmospheric pressure ( m),LOCATION Speed ( Mph),LOCATION Accuracy ( m),LOCATION ORIENTATION (°),Satellites in range,Time since start in ms ,YYYY-MO-DD HH-MI-SS_SSS
-0.2251,-0.6414,9.9092,-0.1447,-0.6331,9.7851,0.0416,0.0309,-0.0674,-0.15,0.12,-0.21,15263.0,123.52,77.49,87.72,303.33,3.73,0.9,2.0,812.3,46.516,40.035004,-105.34365,5935.48,NaN,,4.05,38.709675,135.2,15 / 25,11,2015-06-12 12:42:47:698
-0.2251,-0.6414,9.9092,-0.1447,-0.6331,9.7851,0.0416,0.0309,-0.0674,-0.15,0.12,-0.21,15263.0,123.52,77.49,87.72,303.33,3.73,0.9,2.0,812.3,46.516,40.035004,-105.34365,5935.48,NaN,,4.05,38.709675,135.2,15 / 25,21,2015-06-12 12:42:47:708
-0.2251,-0.6414,9.9092,-0.1447,-0.6331,9.7851,0.0416,0.0309,-0.0674,-0.15,0.12,-0.21,15483.0,123.52,77.49,87.72,303.33,3.73,0.9,2.0,812.3,46.516,40.035004,-105.34365,5935.48,NaN,,4.05,38.709675,135.2,15 / 25,32,2015-06-12 12:42:47:719
-0.2251,-0.6414,9.9092,-0.1447,-0.6331,9.7851,0.0416,0.0309,-0.0674,-0.15,0.12,-0.21,15483.0,123.52,77.49,87.72,303.33,3.73,0.9,2.0,812.3,46.516,40.035004,-105.34365,5935.48,NaN,,4.05,38.709675,135.2,15 / 25,41,2015-06-12 12:42:47:728
-0.2251,-0.6414,9.9092,-0.1447,-0.6331,9.7851,0.0416,0.0309,-0.0674,-0.15,0.12,-0.21,15483.0,123.52,77.49,87.72,303.33,3.73,0.9,2.0,812.3,46.516,40.035004,-105.34365,5935.48,NaN,,4.05,38.709675,135.2,15 / 25,50,2015-06-12 12:42:47:737
-0.2251,-0.6414,9.9092,-0.1447,-0.6331,9.7851,0.0416,0.0309,-0.0674,-0.15,0.12,-0.21,15483.0,123.52,77.49,87.72,303.33,3.73,0.9,2.0,812.3,46.516,40.035004,-105.34365,5935.48,NaN,,4.05,38.709675,135.2,15 / 25,62,2015-06-12 12:42:47:749
0.0142,-0.7819,10.1365,-0.1447,-0.6331,9.7851,0.0722,-0.0086,0.0641,-0.03,0.18,-0.39,15483.0,123.52,77.49,87.72,303.33,3.73,0.9,2.0,812.3,46.516,40.035004,-105.34365,5935.48,NaN,,4.05,38.709675,135.2,15 / 25,70,2015-06-12 12:42:47:757
0.0142,-0.7819,10.1365,-0.1447,-0.6331,9.7851,0.0722,-0.0086,0.0641,-0.03,0.18,-0.39,15483.0,123.52,77.49,87.72,303.33,3.73,0.9,2.0,812.3,46.516,40.035004,-105.34365,5935.48,NaN,,4.05,38.709675,135.2,15 / 25,80,2015-06-12 12:42:47:767
0.0142,-0.7819,10.1365,-0.1447,-0.6331,9.7851,0.0722,-0.0086,0.0641,-0.03,0.18,-0.39,15483.0,123.52,77.49,87.72,303.33,3.73,0.9,2.0,812.3,46.516,40.035004,-105.34365,5935.48,NaN,,4.05,38.709675,135.2,15 / 25,93,2015-06-12 12:42:47:780
0.0142,-0.7819,10.1365,-0.1447,-0.6331,9.7851,0.0722,-0.0086,0.0641,-0.03,0.18,-0.39,15483.0,123.52,77.49,87.72,303.33,3.73,0.9,2.0,812.3,46.516,40.035004,-105.34365,5935.48,NaN,,4.05,38.709675,135.2,15 / 25,101,2015-06-12 12:42:47:788
0.0142,-0.7819,10.1365,-0.1447,-0.6331,9.7851,0.0722,-0.0086,0.0641,-0.03,0.18,-0.39,15483.0,123.52,77.49,87.72,303.33,3.73,0.9,2.0,812.3,46.516,40.035004,-105.34365,5935.48,NaN,,4.05,38.709675,135.2,15 / 25,111,2015-06-12 12:42:47:798
0.0142,-0.7819,10.1365,-0.1447,-0.6331,9.7851,0.0722,-0.0086,0.0641,-0.03,0.18,-0.39,15483.0,123.52,77.49,87.72,303.33,3.73,0.9,2.0,812.3,46.516,40.035004,-105.34365,5935.48,NaN,,4.05,38.709675,135.2,15 / 25,120,2015-06-12 12:42:47:807
0.0142,-0.7819,10.1365,-0.1447,-0.6331,9.7851,0.0722,-0.0086,0.0641,-0.03,0.18,-0.39,15483.0,123.52,77.49,87.72,303.33,3.73,0.9,2.0,812.3,46.516,40.035004,-105.34365,5935.48,NaN,,4.05,38.709675,135.2,15 / 25,131,2015-06-12 12:42:47:818
0.0142,-0.7819,10.1365,-0.1291,-0.6372,9.7851,0.0722,-0.0086,0.0641,-0.03,0.18,-0.39,15483.0,122.22,77.83,87.66,304.12,3.73,0.76,2.0,812.3,46.516,40.035004,-105.34365,5935.48,NaN,,4.05,38.709675,135.2,15 / 25,141,2015-06-12 12:42:47:828
0.0142,-0.7819,10.1365,-0.1291,-0.6372,9.7851,0.0722,-0.0086,0.0641,-0.03,0.18,-0.39,15483.0,122.22,77.83,87.66,304.12,3.73,0.76,2.0,812.3,46.516,40.035004,-105.34365,5935.48,NaN,,4.05,38.709675,135.2,15 / 25,151,2015-06-12 12:42:47:838
0.0618,-0.5962,10.0806,-0.1291,-0.6372,9.7851,0.0722,-0.0086,0.0641,-0.03,0.18,-0.39,15483.0,122.22,77.83,87.66,304.12,3.73,0.76,2.0,812.33,46.516,40.035004,-105.34365,5935.48,NaN,,4.05,38.709675,135.2,15 / 25,161,2015-06-12 12:42:47:848
0.0618,-0.5962,10.0806,-0.1291,-0.6372,9.7851,0.0722,-0.0086,0.0641,-0.03,0.18,-0.39,15483.0,122.22,77.83,87.66,304.12,3.73,0.76,2.0,812.33,46.516,40.035004,-105.34365,5935.48,NaN,,4.05,38.709675,135.2,15 / 25,171,2015-06-12 12:42:47:858
0.0618,-0.5962,10.0806,-0.1291,-0.6372,9.7851,0.0722,-0.0086,0.0641,-0.03,0.18,-0.39,15483.0,122.22,77.83,87.66,304.12,3.73,0.76,2.0,812.33,46.516,40.035004,-105.34365,5935.48,NaN,,4.05,38.709675,135.2,15 / 25,181,2015-06-12 12:42:47:868
0.0618,-0.5962,10.0806,-0.1291,-0.6372,9.7851,0.0722,-0.0086,0.0641,-0.03,0.18,-0.39,15483.0,122.22,77.83,87.66,304.12,3.73,0.76,2.0,812.33,46.516,40.035004,-105.34365,5935.48,NaN,,4.05,38.709675,135.2,15 / 25,191,2015-06-12 12:42:47:878
0.0618,-0.5962,10.0806,-0.1291,-0.6372,9.7851,0.0141,0.0598,-0.003,-0.15,0.12,-0.39,15483.0,122.22,77.83,87.66,304.12,3.73,0.76,2.0,812.33,46.516,40.035004,-105.34365,5935.48,NaN,,4.05,38.709675,135.2,15 / 25,203,2015-06-12 12:42:47:890
0.0618,-0.5962,10.0806,-0.1291,-0.6372,9.7851,0.0141,0.0598,-0.003,-0.15,0.12,-0.39,15483.0,122.22,77.83,87.66,304.12,3.73,0.76,2.0,812.33,46.516,40.035004,-105.34365,5935.48,NaN,,4.05,38.709675,135.2,15 / 25,211,2015-06-12 12:42:47:898
0.0618,-0.5962,10.0806,-0.1291,-0.6372,9.7851,0.0141,0.0598,-0.003,-0.15,0.12,-0.39,15483.0,122.22,77.83,87.66,304.12,3.73,0.76,2.0,812.33,46.516,40.035004,-105.34365,5935.48,NaN,,4.05,38.709675,135.2,15 / 25,221,2015-06-12 12:42:47:908
0.0618,-0.5962,10.0806,-0.1291,-0.6372,9.7851,0.0141,0.0598,-0.003,-0.15,0.12,-0.39,15483.0,122.22,77.83,87.66,304.12,3.73,0.76,2.0,812.33,46.516,40.035004,-105.34365,5935.48,NaN,,4.05,38.709675,135.2,15 / 25,232,2015-06-12 12:42:47:919
0.0618,-0.5962,10.0806,-0.1291,-0.6372,9.7851,0.0141,0.0598,-0.003,-0.15,0.12,-0.39,15483.0,122.22,77.83,87.66,304.12,3.73,0.76,2.0,812.33,46.516,40.035004,-105.34365,5935.48,NaN,,4.05,38.709675,135.2,15 / 25,241,2015-06-12 12:42:47:928
0.0618,-0.5962,10.0806,-0.1291,-0.6372,9.7851,0.0141,0.0598,-0.003,-0.15,0.12,-0.39,15483.0,122.22,77.83,87.66,304.12,3.73,0.76,2.0,812.33,46.516,40.035004,-105.34365,5935.48,NaN,,4.05,38.709675,135.2,15 / 25,252,2015-06-12 12:42:47:939
-0.1358,-0.6426,9.958,-0.1291,-0.6372,9.7851,0.0141,0.0598,-0.003,-0.15,0.12,-0.39,15483.0,122.22,77.83,87.66,304.12,3.73,0.76,2.0,812.33,46.516,40.035004,-105.34365,5935.48,NaN,,4.05,38.709675,135.2,15 / 25,262,2015-06-12 12:42:47:949
-0.1358,-0.6426,9.958,-0.129,-0.6293,9.7856,0.0141,0.0598,-0.003,-0.15,0.12,-0.39,15483.0,124.52,76.91,88.07,303.17,3.73,0.76,2.0,812.33,46.303,40.035004,-105.34365,5935.48,NaN,,4.05,38.709675,135.2,15 / 25,271,2015-06-12 12:42:47:958
-0.1358,-0.6426,9.958,-0.129,-0.6293,9.7856,0.0141,0.0598,-0.003,-0.15,0.12,-0.39,15483.0,124.52,76.91,88.07,303.17,3.73,0.76,2.0,812.33,46.303,40.035004,-105.34365,5935.48,NaN,,4.05,38.709675,135.2,15 / 25,281,2015-06-12 12:42:47:968
-0.1358,-0.6426,9.958,-0.129,-0.6293,9.7856,0.0141,0.0598,-0.003,-0.15,0.12,-0.39,15483.0,124.52,76.91,88.07,303.17,3.73,0.76,2.0,812.33,46.303,40.035004,-105.34365,5935.48,NaN,,4.05,38.709675,135.2,15 / 25,294,2015-06-12 12:42:47:981
-0.1358,-0.6426,9.958,-0.129,-0.6293,9.7856,0.0141,0.0598,-0.003,-0.15,0.12,-0.39,15483.0,124.52,76.91,88.07,303.17,3.73,0.76,2.0,812.33,46.303,40.035004,-105.34365,5935.48,NaN,,4.05,38.709675,135.2,15 / 25,301,2015-06-12 12:42:47:988
-0.1358,-0.6426,9.958,-0.129,-0.6293,9.7856,0.0141,0.0598,-0.003,-0.15,0.12,-0.39,15483.0,124.52,76.91,88.07,303.17,3.73,0.76,2.0,812.33,46.303,40.035004,-105.34365,5935.48,NaN,,4.05,38.709675,135.2,15 / 25,311,2015-06-12 12:42:47:998
-0.1358,-0.6426,9.958,-0.129,-0.6293,9.7856,0.0141,0.0598,-0.003,-0.15,0.12,-0.39,15483.0,124.52,76.91,88.07,303.17,3.73,0.76,2.0,812.33,46.303,40.035004,-105.34365,5935.48,NaN,,4.05,38.709675,135.2,15 / 25,321,2015-06-12 12:42:48:008
-0.1358,-0.6426,9.958,-0.129,-0.6293,9.7856,0.0627,0.032,-0.0099,-0.03,0.18,-0.33,15483.0,124.52,76.91,88.07,303.17,3.73,0.76,2.0,812.33,46.303,40.035004,-105.34365,5935.48,NaN,,4.05,38.709675,135.2,15 / 25,333,2015-06-12 12:42:48:020
-0.1358,-0.6426,9.958,-0.129,-0.6293,9.7856,0.0627,0.032,-0.0099,-0.03,0.18,-0.33,15483.0,124.52,76.91,88.07,303.17,3.73,0.76,2.0,812.33,46.303,40.035004,-105.34365,5935.48,NaN,,4.05,38.709675,135.2,15 / 25,341,2015-06-12 12:42:48:028
-0.1358,-0.6426,9.958,-0.129,-0.6293,9.7856,0.0627,0.032,-0.0099,-0.03,0.18,-0.33,15483.0,124.52,76.91,88.07,303.17,3.73,0.76,2.0,812.33,46.303,40.035004,-105.34365,5935.48,NaN,,4.05,38.709675,135.2,15 / 25,350,2015-06-12 12:42:48:037
0.038,-0.5593,9.7544,-0.129,-0.6293,9.7856,0.0627,0.032,-0.0099,-0.03,0.18,-0.33,15868.0,124.52,76.91,88.07,303.17,3.73,0.76,2.0,812.3,46.303,40.035004,-105.34365,5935.48,NaN,,4.05,38.709675,135.2,15 / 25,361,2015-06-12 12:42:48:048
0.038,-0.5593,9.7544,-0.129,-0.6293,9.7856,0.0627,0.032,-0.0099,-0.03,0.18,-0.33,15868.0,124.52,76.91,88.07,303.17,3.73,0.76,2.0,812.3,46.303,40.035004,-105.34365,5935.48,NaN,,4.05,38.709675,135.2,15 / 25,371,2015-06-12 12:42:48:058
0.038,-0.5593,9.7544,-0.129,-0.6293,9.7856,0.0627,0.032,-0.0099,-0.03,0.18,-0.33,15868.0,124.52,76.91,88.07,303.17,3.73,0.76,2.0,812.3,46.303,40.035004,-105.34365,5935.48,NaN,,4.05,38.709675,135.2,15 / 25,381,2015-06-12 12:42:48:068
0.038,-0.5593,9.7544,-0.1179,-0.6232,9.7861,0.0627,0.032,-0.0099,-0.03,0.18,-0.33,15868.0,124.52,76.91,88.07,303.17,3.73,0.76,2.0,812.3,46.303,40.035004,-105.34365,5935.48,NaN,,4.05,38.709675,135.2,15 / 25,391,2015-06-12 12:42:48:078
0.038,-0.5593,9.7544,-0.1179,-0.6232,9.7861,0.0627,0.032,-0.0099,-0.03,0.18,-0.33,15868.0,124.52,76.91,88.07,303.17,3.73,0.76,2.0,812.3,46.303,40.035004,-105.34365,5935.48,NaN,,4.05,38.709675,135.2,15 / 25,401,2015-06-12 12:42:48:088
0.038,-0.5593,9.7544,-0.1179,-0.6232,9.7861,0.0627,0.032,-0.0099,-0.03,0.18,-0.33,15868.0,123.86,77.46,88.11,303.36,3.64,0.69,2.0,812.3,46.303,40.035004,-105.34365,5935.48,NaN,,4.05,38.709675,135.2,15 / 25,411,2015-06-12 12:42:48:098
0.038,-0.5593,9.7544,-0.1179,-0.6232,9.7861,0.0627,0.032,-0.0099,-0.03,0.18,-0.33,15868.0,123.86,77.46,88.11,303.36,3.64,0.69,2.0,812.3,46.303,40.035004,-105.34365,5935.48,NaN,,4.05,38.709675,135.2,15 / 25,421,2015-06-12 12:42:48:108
0.038,-0.5593,9.7544,-0.1179,-0.6232,9.7861,0.0627,0.032,-0.0099,-0.03,0.18,-0.33,15868.0,123.86,77.46,88.11,303.36,3.64,0.69,2.0,812.3,46.303,40.035004,-105.34365,5935.48,NaN,,4.05,38.709675,135.2,15 / 25,431,2015-06-12 12:42:48:118
0.038,-0.5593,9.7544,-0.1179,-0.6232,9.7861,0.0627,0.032,-0.0099,-0.03,0.18,-0.33,15868.0,123.86,77.46,88.11,303.36,3.64,0.69,2.0,812.3,46.303,40.035004,-105.34365,5935.48,NaN,,4.05,38.709675,135.2,15 / 25,441,2015-06-12 12:42:48:128
0.038,-0.5593,9.7544,-0.1179,-0.6232,9.7861,0.0627,0.032,-0.0099,-0.03,0.18,-0.33,15868.0,123.86,77.46,88.11,303.36,3.64,0.69,2.0,812.3,46.303,40.035004,-105.34365,5935.48,NaN,,4.05,38.709675,135.2,15 / 25,451,2015-06-12 12:42:48:138
-0.1167,-0.4641,9.8961,-0.1179,-0.6232,9.7861,0.0487,0.1477,-0.0635,-0.09,0.06,-0.27,15868.0,123.86,77.46,88.11,303.36,3.64,0.69,2.0,812.3,46.303,40.035004,-105.34365,5935.48,NaN,,4.05,38.709675,135.2,15 / 25,461,2015-06-12 12:42:48:148
-0.1167,-0.4641,9.8961,-0.1179,-0.6232,9.7861,0.0487,0.1477,-0.0635,-0.09,0.06,-0.27,15868.0,123.86,77.46,88.11,303.36,3.64,0.69,2.0,812.3,46.303,40.035004,-105.34365,5935.48,NaN,,4.05,38.709675,135.2,15 / 25,472,2015-06-12 12:42:48:159
-0.1167,-0.4641,9.8961,-0.1179,-0.6232,9.7861,0.0487,0.1477,-0.0635,-0.09,0.06,-0.27,15868.0,123.86,77.46,88.11,303.36,3.64,0.69,2.0,812.3,46.303,40.035004,-105.34365,5935.48,NaN,,4.05,38.709675,135.2,15 / 25,481,2015-06-12 12:42:48:168
-0.1167,-0.4641,9.8961,-0.1179,-0.6232,9.7861,0.0487,0.1477,-0.0635,-0.09,0.06,-0.27,15868.0,123.86,77.46,88.11,303.36,3.64,0.69,2.0,812.3,46.303,40.035004,-105.34365,5935.48,NaN,,4.05,38.709675,135.2,15 / 25,492,2015-06-12 12:42:48:179
-0.1167,-0.4641,9.8961,-0.1179,-0.6232,9.7861,0.0487,0.1477,-0.0635,-0.09,0.06,-0.27,15868.0,123.86,77.46,88.11,303.36,3.64,0.69,2.0,812.3,46.303,40.035004,-105.34365,5935.48,NaN,,4.05,38.709675,135.2,15 / 25,501,2015-06-12 12:42:48:188
-0.1167,-0.4641,9.8961,-0.1179,-0.6232,9.7861,0.0487,0.1477,-0.0635,-0.09,0.06,-0.27,15868.0,123.86,77.46,88.11,303.36,3.64,0.69,2.0,812.3,46.303,40.035004,-105.34365,5935.48,NaN,,4.05,38.709675,135.2,15 / 25,511,2015-06-12 12:42:48:198
-0.1167,-0.4641,9.8961,-0.1087,-0.5917,9.7882,0.0487,0.1477,-0.0635,-0.09,0.06,-0.27,15868.0,123.86,77.46,88.11,303.36,3.64,0.69,2.0,812.3,46.303,40.035004,-105.34365,5935.48,NaN,,4.05,38.709675,135.2,15 / 25,521,2015-06-12 12:42:48:208
-0.1167,-0.4641,9.8961,-0.1087,-0.5917,9.7882,0.0487,0.1477,-0.0635,-0.09,0.06,-0.27,15868.0,123.86,77.46,88.11,303.36,3.64,0.69,2.0,812.3,46.303,40.035004,-105.34365,5935.48,NaN,,4.05,38.709675,135.2,15 / 25,531,2015-06-12 12:42:48:218
-0.1167,-0.4641,9.8961,-0.1087,-0.5917,9.7882,0.0487,0.1477,-0.0635,-0.09,0.06,-0.27,15868.0,123.86,77.46,88.11,303.36,3.64,0.69,2.0,812.3,46.303,40.035004,-105.34365,5935.48,NaN,,4.05,38.709675,135.2,15 / 25,541,2015-06-12 12:42:48:228
-0.0334,-0.482,9.933,-0.1087,-0.5917,9.7882,0.0487,0.1477,-0.0635,-0.09,0.06,-0.27,15868.0,124.57,77.41,88.4,303.09,3.46,0.64,2.0,812.3,46.303,40.035004,-105.34365,5935.48,NaN,,4.05,38.709675,135.2,15 / 25,552,2015-06-12 12:42:48:239
-0.0334,-0.482,9.933,-0.1087,-0.5917,9.7882,0.0487,0.1477,-0.0635,-0.09,0.06,-0.27,15868.0,124.57,77.41,88.4,303.09,3.46,0.64,2.0,812.3,46.303,40.035004,-105.34365,5935.48,NaN,,4.05,38.709675,135.2,15 / 25,561,2015-06-12 12:42:48:248
-0.0334,-0.482,9.933,-0.1087,-0.5917,9.7882,0.0487,0.1477,-0.0635,-0.09,0.06,-0.27,15868.0,124.57,77.41,88.4,303.09,3.46,0.64,2.0,812.3,46.303,40.035004,-105.34365,5935.48,NaN,,4.05,38.709675,135.2,15 / 25,573,2015-06-12 12:42:48:260
-0.0334,-0.482,9.933,-0.1087,-0.5917,9.7882,0.0487,0.1477,-0.0635,-0.09,0.06,-0.27,15868.0,124.57,77.41,88.4,303.09,3.46,0.64,2.0,812.3,46.303,40.035004,-105.34365,5935.48,NaN,,4.05,38.709675,135.2,15 / 25,580,2015-06-12 12:42:48:267
-0.0334,-0.482,9.933,-0.1087,-0.5917,9.7882,0.0535,0.095,0.0487,-0.03,0.18,-0.39,16363.0,124.57,77.41,88.4,303.09,3.46,0.64,2.0,812.3,46.303,40.035004,-105.34365,5935.48,NaN,,4.05,38.709675,135.2,15 / 25,591,2015-06-12 12:42:48:278
-0.0334,-0.482,9.933,-0.1087,-0.5917,9.7882,0.0535,0.095,0.0487,-0.03,0.18,-0.39,16363.0,124.57,77.41,88.4,303.09,3.46,0.64,2.0,812.3,46.303,40.035004,-105.34365,5935.48,NaN,,4.05,38.709675,135.2,15 / 25,601,2015-06-12 12:42:48:288
-0.0334,-0.482,9.933,-0.1087,-0.5917,9.7882,0.0535,0.095,0.0487,-0.03,0.18,-0.39,16363.0,124.57,77.41,88.4,303.09,3.46,0.64,2.0,812.3,46.459,40.035004,-105.34365,5935.48,NaN,,4.05,38.709675,135.2,15 / 25,611,2015-06-12 12:42:48:298
-0.0334,-0.482,9.933,-0.1087,-0.5917,9.7882,0.0535,0.095,0.0487,-0.03,0.18,-0.39,16363.0,124.57,77.41,88.4,303.09,3.46,0.64,2.0,812.3,46.459,40.035004,-105.34365,5935.48,NaN,,4.05,38.709675,135.2,15 / 25,621,2015-06-12 12:42:48:308
-0.0334,-0.482,9.933,-0.1087,-0.5917,9.7882,0.0535,0.095,0.0487,-0.03,0.18,-0.39,16363.0,124.57,77.41,88.4,303.09,3.46,0.64,2.0,812.3,46.459,40.035004,-105.34365,5935.48,NaN,,4.05,38.709675,135.2,15 / 25,630,2015-06-12 12:42:48:317
0.0999,-0.2856,9.8925,-0.1087,-0.5917,9.7882,0.0535,0.095,0.0487,-0.03,0.18,-0.39,16363.0,124.57,77.41,88.4,303.09,3.46,0.64,2.0,812.3,46.459,40.035004,-105.34365,5935.48,NaN,,4.05,38.709675,135.2,15 / 25,641,2015-06-12 12:42:48:328
0.0999,-0.2856,9.8925,-0.1002,-0.5696,9.7896,0.0535,0.095,0.0487,-0.03,0.18,-0.39,16363.0,124.57,77.41,88.4,303.09,3.46,0.64,2.0,812.3,46.459,40.035004,-105.34365,5935.48,NaN,,4.05,38.709675,135.2,15 / 25,651,2015-06-12 12:42:48:338
0.0999,-0.2856,9.8925,-0.1002,-0.5696,9.7896,0.0535,0.095,0.0487,-0.03,0.18,-0.39,16363.0,124.57,77.41,88.4,303.09,3.46,0.64,2.0,812.3,46.459,40.035004,-105.34365,5935.48,NaN,,4.05,38.709675,135.2,15 / 25,661,2015-06-12 12:42:48:348
0.0999,-0.2856,9.8925,-0.1002,-0.5696,9.7896,0.0535,0.095,0.0487,-0.03,0.18,-0.39,16363.0,124.2,77.36,88.22,303.26,3.33,0.59,2.0,812.3,46.459,40.035004,-105.34365,5935.48,NaN,,4.05,38.709675,135.2,15 / 25,671,2015-06-12 12:42:48:358
0.0999,-0.2856,9.8925,-0.1002,-0.5696,9.7896,0.0535,0.095,0.0487,-0.03,0.18,-0.39,16363.0,124.2,77.36,88.22,303.26,3.33,0.59,2.0,812.3,46.459,40.035004,-105.34365,5935.48,NaN,,4.05,38.709675,135.2,15 / 25,681,2015-06-12 12:42:48:368
0.0999,-0.2856,9.8925,-0.1002,-0.5696,9.7896,0.0535,0.095,0.0487,-0.03,0.18,-0.39,16363.0,124.2,77.36,88.22,303.26,3.33,0.59,2.0,812.3,46.459,40.035004,-105.34365,5935.48,NaN,,4.05,38.709675,135.2,15 / 25,691,2015-06-12 12:42:48:378
0.0999,-0.2856,9.8925,-0.1002,-0.5696,9.7896,0.0535,0.095,0.0487,-0.03,0.18,-0.39,16363.0,124.2,77.36,88.22,303.26,3.33,0.59,2.0,812.3,46.459,40.035004,-105.34365,5935.48,NaN,,4.05,38.709675,135.2,15 / 25,701,2015-06-12 12:42:48:388
0.0999,-0.2856,9.8925,-0.1002,-0.5696,9.7896,0.0063,0.1733,-0.0087,-0.03,0.18,-0.33,16363.0,124.2,77.36,88.22,303.26,3.33,0.59,2.0,812.3,46.459,40.035004,-105.34365,5935.48,NaN,,4.05,38.709675,135.2,15 / 25,710,2015-06-12 12:42:48:397
0.0999,-0.2856,9.8925,-0.1002,-0.5696,9.7896,0.0063,0.1733,-0.0087,-0.03,0.18,-0.33,16363.0,124.2,77.36,88.22,303.26,3.33,0.59,2.0,812.3,46.459,40.035004,-105.34365,5935.48,NaN,,4.05,38.709675,135.2,15 / 25,721,2015-06-12 12:42:48:408
0.0999,-0.2856,9.8925,-0.1002,-0.5696,9.7896,0.0063,0.1733,-0.0087,-0.03,0.18,-0.33,16363.0,124.2,77.36,88.22,303.26,3.33,0.59,2.0,812.3,46.459,40.035004,-105.34365,5935.48,NaN,,4.05,38.709675,135.2,15 / 25,730,2015-06-12 12:42:48:417
-0.212,0.0429,9.9556,-0.1002,-0.5696,9.7896,0.0063,0.1733,-0.0087,-0.03,0.18,-0.33,16363.0,124.2,77.36,88.22,303.26,3.33,0.59,2.0,812.3,46.459,40.035004,-105.34365,5935.48,NaN,,4.05,38.709675,135.2,15 / 25,741,2015-06-12 12:42:48:428
-0.212,0.0429,9.9556,-0.1002,-0.5696,9.7896,0.0063,0.1733,-0.0087,-0.03,0.18,-0.33,16363.0,124.2,77.36,88.22,303.26,3.33,0.59,2.0,812.3,46.459,40.035004,-105.34365,5935.48,NaN,,4.05,38.709675,135.2,15 / 25,751,2015-06-12 12:42:48:438
-0.212,0.0429,9.9556,-0.1002,-0.5696,9.7896,0.0063,0.1733,-0.0087,-0.03,0.18,-0.33,16363.0,124.2,77.36,88.22,303.26,3.33,0.59,2.0,812.29,46.459,40.035004,-105.34365,5935.48,NaN,,4.05,38.709675,135.2,15 / 25,761,2015-06-12 12:42:48:448
-0.212,0.0429,9.9556,-0.1002,-0.5696,9.7896,0.0063,0.1733,-0.0087,-0.03,0.18,-0.33,16363.0,124.2,77.36,88.22,303.26,3.33,0.59,2.0,812.29,46.459,40.035004,-105.34365,5935.48,NaN,,4.05,38.709675,135.2,15 / 25,771,2015-06-12 12:42:48:458
-0.212,0.0429,9.9556,-0.1041,-0.5064,9.793,0.0063,0.1733,-0.0087,-0.03,0.18,-0.33,17711.0,124.2,77.36,88.22,303.26,3.33,0.59,2.0,812.29,46.459,40.035004,-105.34365,5935.48,NaN,,4.05,38.709675,135.2,15 / 25,781,2015-06-12 12:42:48:468
-0.212,0.0429,9.9556,-0.1041,-0.5064,9.793,0.0063,0.1733,-0.0087,-0.03,0.18,-0.33,17711.0,124.2,77.36,88.22,303.26,3.33,0.59,2.0,812.29,46.459,40.035004,-105.34365,5935.48,NaN,,4.05,38.709675,135.2,15 / 25,791,2015-06-12 12:42:48:478
-0.212,0.0429,9.9556,-0.1041,-0.5064,9.793,0.0063,0.1733,-0.0087,-0.03,0.18,-0.33,17711.0,124.2,77.36,88.22,303.26,3.33,0.59,2.0,812.29,46.459,40.035004,-105.34365,5935.48,NaN,,4.05,38.709675,135.2,15 / 25,801,2015-06-12 12:42:48:488
-0.212,0.0429,9.9556,-0.1041,-0.5064,9.793,0.0063,0.1733,-0.0087,-0.03,0.18,-0.33,17711.0,123.19,75.66,91.65,303.02,2.96,0.61,2.0,812.29,46.459,40.035004,-105.34365,5935.48,NaN,,4.05,38.709675,135.2,15 / 25,811,2015-06-12 12:42:48:498
-0.212,0.0429,9.9556,-0.1041,-0.5064,9.793,0.0063,0.1733,-0.0087,-0.03,0.18,-0.33,17711.0,123.19,75.66,91.65,303.02,2.96,0.61,2.0,812.29,46.459,40.035004,-105.34365,5935.48,NaN,,4.05,38.709675,135.2,15 / 25,821,2015-06-12 12:42:48:508
-0.1191,-0.0583,10.1746,-0.1041,-0.5064,9.793,0.0063,0.1733,-0.0087,-0.03,0.18,-0.33,17711.0,123.19,75.66,91.65,303.02,2.96,0.61,2.0,812.29,46.459,40.035004,-105.34365,5935.48,NaN,,4.05,38.709675,135.2,15 / 25,831,2015-06-12 12:42:48:518
-0.1191,-0.0583,10.1746,-0.1041,-0.5064,9.793,0.0063,0.1733,-0.0087,0.27,0.31,-0.21,17711.0,123.19,75.66,91.65,303.02,2.96,0.61,2.0,812.29,46.459,40.035004,-105.34365,5935.48,NaN,,4.05,38.709675,135.2,15 / 25,842,2015-06-12 12:42:48:529
-0.1191,-0.0583,10.1746,-0.1041,-0.5064,9.793,0.0114,0.4747,-0.0028,0.27,0.31,-0.21,17711.0,123.19,75.66,91.65,303.02,2.96,0.61,2.0,812.29,46.459,40.035004,-105.34365,5935.48,NaN,,4.05,38.709675,135.2,15 / 25,851,2015-06-12 12:42:48:538
-0.1191,-0.0583,10.1746,-0.1041,-0.5064,9.793,0.0114,0.4747,-0.0028,0.27,0.31,-0.21,17711.0,123.19,75.66,91.65,303.02,2.96,0.61,2.0,812.29,46.459,40.035004,-105.34365,5935.48,NaN,,4.05,38.709675,135.2,15 / 25,862,2015-06-12 12:42:48:549
-0.1191,-0.0583,10.1746,-0.1041,-0.5064,9.793,0.0114,0.4747,-0.0028,0.27,0.31,-0.21,17711.0,123.19,75.66,91.65,303.02,2.96,0.61,2.0,812.29,46.459,40.035004,-105.34365,5935.48,NaN,,4.05,38.709675,135.2,15 / 25,871,2015-06-12 12:42:48:558
-0.1191,-0.0583,10.1746,-0.1041,-0.5064,9.793,0.0114,0.4747,-0.0028,0.27,0.31,-0.21,17711.0,123.19,75.66,91.65,303.02,2.96,0.61,2.0,812.29,46.459,40.035004,-105.34365,5935.48,NaN,,4.05,38.709675,135.2,15 / 25,883,2015-06-12 12:42:48:570
-0.1191,-0.0583,10.1746,-0.1041,-0.5064,9.793,0.0114,0.4747,-0.0028,0.27,0.31,-0.21,17711.0,123.19,75.66,91.65,303.02,2.96,0.61,2.0,812.29,46.459,40.035004,-105.34365,5935.48,NaN,,4.05,38.709675,135.2,15 / 25,891,2015-06-12 12:42:48:578
-0.1191,-0.0583,10.1746,-0.1041,-0.5064,9.793,0.0114,0.4747,-0.0028,0.27,0.31,-0.21,17711.0,123.19,75.66,91.65,303.02,2.96,0.61,2.0,812.29,46.459,40.035004,-105.34365,5935.48,NaN,,4.05,38.709675,135.2,15 / 25,901,2015-06-12 12:42:48:588
-0.1191,-0.0583,10.1746,-0.1018,-0.399,9.798,0.0114,0.4747,-0.0028,0.27,0.31,-0.21,17711.0,123.19,75.66,91.65,303.02,2.96,0.61,2.0,812.29,46.459,40.035004,-105.34365,5935.48,NaN,,4.05,38.709675,135.2,15 / 25,910,2015-06-12 12:42:48:597
-0.1191,-0.0583,10.1746,-0.1018,-0.399,9.798,0.0114,0.4747,-0.0028,0.27,0.31,-0.21,17711.0,123.19,75.66,91.65,303.02,2.96,0.61,2.0,812.29,46.459,40.035004,-105.34365,5935.48,NaN,,4.05,38.709675,135.2,15 / 25,921,2015-06-12 12:42:48:608
-0.1489,0.0465,9.8996,-0.1018,-0.399,9.798,0.0114,0.4747,-0.0028,0.27,0.31,-0.21,17711.0,123.19,75.66,91.65,303.02,2.96,0.61,2.0,812.29,49.201,40.035004,-105.34365,5935.48,NaN,,4.05,38.709675,135.2,15 / 25,931,2015-06-12 12:42:48:618
-0.1489,0.0465,9.8996,-0.1018,-0.399,9.798,0.0114,0.4747,-0.0028,0.27,0.31,-0.21,17711.0,123.19,75.66,91.65,303.02,2.96,0.61,2.0,812.29,49.201,40.035004,-105.34365,5935.48,NaN,,4.05,38.709675,135.2,15 / 25,941,2015-06-12 12:42:48:628
-0.1489,0.0465,9.8996,-0.1018,-0.399,9.798,0.0114,0.4747,-0.0028,0.27,0.31,-0.21,17711.0,123.92,75.62,91.83,302.51,2.33,0.6,2.0,812.29,49.201,40.035004,-105.34365,5935.48,NaN,,4.05,38.709675,135.2,15 / 25,951,2015-06-12 12:42:48:638
-0.1489,0.0465,9.8996,-0.1018,-0.399,9.798,0.0114,0.4747,-0.0028,0.27,0.31,-0.21,17711.0,123.92,75.62,91.83,302.51,2.33,0.6,2.0,812.3,49.201,40.035004,-105.34365,5935.48,NaN,,4.05,38.709675,135.2,15 / 25,961,2015-06-12 12:42:48:648
-0.1489,0.0465,9.8996,-0.1018,-0.399,9.798,0.0103,0.3681,-0.053,0.15,0.37,-0.27,21754.0,123.92,75.62,91.83,302.51,2.33,0.6,2.0,812.3,49.201,40.035004,-105.34365,5935.48,NaN,,4.05,38.709675,135.2,15 / 25,972,2015-06-12 12:42:48:659
-0.1489,0.0465,9.8996,-0.1018,-0.399,9.798,0.0103,0.3681,-0.053,0.15,0.37,-0.27,21754.0,123.92,75.62,91.83,302.51,2.33,0.6,2.0,812.3,49.201,40.035004,-105.34365,5935.48,NaN,,4.05,38.709675,135.2,15 / 25,980,2015-06-12 12:42:48:667
-0.1489,0.0465,9.8996,-0.1018,-0.399,9.798,0.0103,0.3681,-0.053,0.15,0.37,-0.27,21754.0,123.92,75.62,91.83,302.51,2.33,0.6,2.0,812.3,49.201,40.035004,-105.34365,5935.48,NaN,,4.05,38.709675,135.2,15 / 25,991,2015-06-12 12:42:48:678
-0.1489,0.0465,9.8996,-0.1018,-0.399,9.798,0.0103,0.3681,-0.053,0.15,0.37,-0.27,21754.0,123.92,75.62,91.83,302.51,2.33,0.6,2.0,812.3,49.201,40.035004,-105.34365,5935.48,NaN,,4.05,38.709675,135.2,15 / 25,1001,2015-06-12 12:42:48:688
-0.1489,0.0465,9.8996,-0.1018,-0.399,9.798,0.0103,0.3681,-0.053,0.15,0.37,-0.27,21754.0,123.92,75.62,91.83,302.51,2.33,0.6,2.0,812.3,49.201,40.035004,-105.34365,5935.48,NaN,,4.05,38.709675,135.2,15 / 25,1011,2015-06-12 12:42:48:698
-0.1489,0.0465,9.8996,-0.1018,-0.399,9.798,0.0103,0.3681,-0.053,0.15,0.37,-0.27,21754.0,123.92,75.62,91.83,302.51,2.33,0.6,2.0,812.3,49.201,40.035004,-105.34365,5935.48,NaN,,4.05,38.709675,135.2,15 / 25,1021,2015-06-12 12:42:48:708
-0.2917,0.0096,10.021,-0.1122,-0.3073,9.8012,0.0103,0.3681,-0.053,0.15,0.37,-0.27,21754.0,123.92,75.62,91.83,302.51,2.33,0.6,2.0,812.3,49.201,40.035004,-105.34365,5935.48,NaN,,4.05,38.709675,135.2,15 / 25,1032,2015-06-12 12:42:48:719
-0.2917,0.0096,10.021,-0.1122,-0.3073,9.8012,0.0103,0.3681,-0.053,0.15,0.37,-0.27,21754.0,123.92,75.62,91.83,302.51,2.33,0.6,2.0,812.3,49.201,40.035004,-105.34365,5935.48,NaN,,4.05,38.709675,135.2,15 / 25,1041,2015-06-12 12:42:48:728
-0.2917,0.0096,10.021,-0.1122,-0.3073,9.8012,0.0103,0.3681,-0.053,0.15,0.37,-0.27,21754.0,123.92,75.62,91.83,302.51,2.33,0.6,2.0,812.3,49.201,40.035004,-105.34365,5935.48,NaN,,4.05,38.709675,135.2,15 / 25,1050,2015-06-12 12:42:48:737
-0.2917,0.0096,10.021,-0.1122,-0.3073,9.8012,0.0103,0.3681,-0.053,0.15,0.37,-0.27,21754.0,123.92,75.62,91.83,302.51,2.33,0.6,2.0,812.3,49.201,40.035004,-105.34365,5935.48,NaN,,4.05,38.709675,135.2,15 / 25,1066,2015-06-12 12:42:48:753
-0.2917,0.0096,10.021,-0.1122,-0.3073,9.8012,0.0103,0.3681,-0.053,0.15,0.37,-0.27,21754.0,122.83,75.56,91.26,302.42,1.8,0.66,2.0,812.3,49.201,40.035004,-105.34365,5935.48,NaN,,4.05,38.709675,135.2,15 / 25,1071,2015-06-12 12:42:48:758
-0.2917,0.0096,10.021,-0.1122,-0.3073,9.8012,0.0103,0.3681,-0.053,0.15,0.37,-0.27,21754.0,122.83,75.56,91.26,302.42,1.8,0.66,2.0,812.3,49.201,40.03498,-105.34364,5945.16,NaN,,2.89,38.709675,135.2,15 / 25,1082,2015-06-12 12:42:48:769
-0.2917,0.0096,10.021,-0.1122,-0.3073,9.8012,0.0103,0.3681,-0.053,0.15,0.37,-0.27,21754.0,122.83,75.56,91.26,302.42,1.8,0.66,2.0,812.3,49.201,40.03498,-105.34364,5945.16,NaN,,2.89,38.709675,135.2,15 / 25,1091,2015-06-12 12:42:48:778
-0.2917,0.0096,10.021,-0.1122,-0.3073,9.8012,0.0135,0.3404,-0.0774,0.03,0.37,-0.15,21754.0,122.83,75.56,91.26,302.42,1.8,0.66,2.0,812.3,49.201,40.03498,-105.34364,5945.16,NaN,,2.89,38.709675,135.2,15 / 25,1101,2015-06-12 12:42:48:788
-0.2917,0.0096,10.021,-0.1122,-0.3073,9.8012,0.0135,0.3404,-0.0774,0.03,0.37,-0.15,21754.0,122.83,75.56,91.26,302.42,1.8,0.66,2.0,812.3,49.201,40.03498,-105.34364,5945.16,NaN,,2.89,38.709675,135.2,15 / 25,1110,2015-06-12 12:42:48:797
-0.2917,0.0096,10.021,-0.1122,-0.3073,9.8012,0.0135,0.3404,-0.0774,0.03,0.37,-0.15,21754.0,122.83,75.56,91.26,302.42,1.8,0.66,2.0,812.3,49.201,40.03498,-105.34364,5945.16,NaN,,2.89,38.709675,135.2,15 / 25,1121,2015-06-12 12:42:48:808
-0.043,-0.0654,10.1841,-0.1122,-0.3073,9.8012,0.0135,0.3404,-0.0774,0.03,0.37,-0.15,21754.0,122.83,75.56,91.26,302.42,1.8,0.66,2.0,812.3,49.201,40.03498,-105.34364,5945.16,NaN,,2.89,38.709675,135.2,15 / 25,1131,2015-06-12 12:42:48:818
-0.043,-0.0654,10.1841,-0.1122,-0.3073,9.8012,0.0135,0.3404,-0.0774,0.03,0.37,-0.15,21754.0,122.83,75.56,91.26,302.42,1.8,0.66,2.0,812.3,49.201,40.03498,-105.34364,5945.16,NaN,,2.89,38.709675,135.2,15 / 25,1140,2015-06-12 12:42:48:827
-0.043,-0.0654,10.1841,-0.1122,-0.3073,9.8012,0.0135,0.3404,-0.0774,0.03,0.37,-0.15,21754.0,122.83,75.56,91.26,302.42,1.8,0.66,2.0,812.3,49.201,40.03498,-105.34364,5945.16,NaN,,2.89,38.709675,135.2,15 / 25,1151,2015-06-12 12:42:48:838
-0.043,-0.0654,10.1841,-0.1174,-0.2354,9.8031,0.0135,0.3404,-0.0774,0.03,0.37,-0.15,23981.0,122.83,75.56,91.26,302.42,1.8,0.66,2.0,812.3,49.201,40.03498,-105.34364,5945.16,NaN,,2.89,38.709675,135.2,15 / 25,1160,2015-06-12 12:42:48:847
-0.043,-0.0654,10.1841,-0.1174,-0.2354,9.8031,0.0135,0.3404,-0.0774,0.03,0.37,-0.15,23981.0,122.83,75.56,91.26,302.42,1.8,0.66,2.0,812.3,49.201,40.03498,-105.34364,5945.16,NaN,,2.89,38.709675,135.2,15 / 25,1170,2015-06-12 12:42:48:857
-0.043,-0.0654,10.1841,-0.1174,-0.2354,9.8031,0.0135,0.3404,-0.0774,0.03,0.37,-0.15,23981.0,122.83,75.56,91.26,302.42,1.8,0.66,2.0,812.3,49.201,40.03498,-105.34364,5945.16,NaN,,2.89,38.709675,135.2,15 / 25,1182,2015-06-12 12:42:48:869
-0.043,-0.0654,10.1841,-0.1174,-0.2354,9.8031,0.0135,0.3404,-0.0774,0.03,0.37,-0.15,23981.0,122.83,75.56,91.26,302.42,1.8,0.66,2.0,812.3,49.201,40.03498,-105.34364,5945.16,NaN,,2.89,38.709675,135.2,15 / 25,1191,2015-06-12 12:42:48:878
-0.043,-0.0654,10.1841,-0.1174,-0.2354,9.8031,0.0135,0.3404,-0.0774,0.03,0.37,-0.15,23981.0,122.83,75.56,91.26,302.42,1.8,0.66,2.0,812.3,49.201,40.03498,-105.34364,5945.16,NaN,,2.89,38.709675,135.2,15 / 25,1201,2015-06-12 12:42:48:888
-0.043,-0.0654,10.1841,-0.1174,-0.2354,9.8031,0.0135,0.3404,-0.0774,0.03,0.37,-0.15,23981.0,123.28,74.97,91.11,301.86,1.38,0.69,2.0,812.3,49.201,40.03498,-105.34364,5945.16,NaN,,2.89,38.709675,135.2,15 / 25,1213,2015-06-12 12:42:48:900
-0.043,-0.0654,10.1841,-0.1174,-0.2354,9.8031,0.0135,0.3404,-0.0774,0.03,0.37,-0.15,23981.0,123.28,74.97,91.11,301.86,1.38,0.69,2.0,812.3,49.201,40.03498,-105.34364,5945.16,NaN,,2.89,38.709675,135.2,15 / 25,1221,2015-06-12 12:42:48:908
-0.0608,0.0096,9.8068,-0.1174,-0.2354,9.8031,0.0101,0.1615,0.0945,-0.22,0.24,-0.15,23981.0,123.28,74.97,91.11,301.86,1.38,0.69,2.0,812.3,49.201,40.03498,-105.34364,5945.16,NaN,,2.89,38.709675,135.2,15 / 25,1231,2015-06-12 12:42:48:918
-0.0608,0.0096,9.8068,-0.1174,-0.2354,9.8031,0.0101,0.1615,0.0945,-0.22,0.24,-0.15,23981.0,123.28,74.97,91.11,301.86,1.38,0.69,2.0,812.3,46.717,40.03498,-105.34364,5945.16,NaN,,2.89,38.709675,135.2,15 / 25,1241,2015-06-12 12:42:48:928
-0.0608,0.0096,9.8068,-0.1174,-0.2354,9.8031,0.0101,0.1615,0.0945,-0.22,0.24,-0.15,23981.0,123.28,74.97,91.11,301.86,1.38,0.69,2.0,812.3,46.717,40.03498,-105.34364,5945.16,NaN,,2.89,38.709675,135.2,15 / 25,1250,2015-06-12 12:42:48:937
-0.0608,0.0096,9.8068,-0.1174,-0.2354,9.8031,0.0101,0.1615,0.0945,-0.22,0.24,-0.15,23981.0,123.28,74.97,91.11,301.86,1.38,0.69,2.0,812.3,46.717,40.03498,-105.34364,5945.16,NaN,,2.89,38.709675,135.2,15 / 25,1261,2015-06-12 12:42:48:948
-0.0608,0.0096,9.8068,-0.1174,-0.2354,9.8031,0.0101,0.1615,0.0945,-0.22,0.24,-0.15,23981.0,123.28,74.97,91.11,301.86,1.38,0.69,2.0,812.3,46.717,40.03498,-105.34364,5945.16,NaN,,2.89,38.709675,135.2,15 / 25,1271,2015-06-12 12:42:48:958
-0.0608,0.0096,9.8068,-0.1174,-0.2354,9.8031,0.0101,0.1615,0.0945,-0.22,0.24,-0.15,23981.0,123.28,74.97,91.11,301.86,1.38,0.69,2.0,812.3,46.717,40.03498,-105.34364,5945.16,NaN,,2.89,38.709675,135.2,15 / 25,1281,2015-06-12 12:42:48:968
-0.0608,0.0096,9.8068,-0.1264,-0.1949,9.8039,0.0101,0.1615,0.0945,-0.22,0.24,-0.15,23981.0,123.28,74.97,91.11,301.86,1.38,0.69,2.0,812.3,46.717,40.03498,-105.34364,5945.16,NaN,,2.89,38.709675,135.2,15 / 25,1292,2015-06-12 12:42:48:979
-0.0608,0.0096,9.8068,-0.1264,-0.1949,9.8039,0.0101,0.1615,0.0945,-0.22,0.24,-0.15,23981.0,123.28,74.97,91.11,301.86,1.38,0.69,2.0,812.3,46.717,40.03498,-105.34364,5945.16,NaN,,2.89,38.709675,135.2,15 / 25,1300,2015-06-12 12:42:48:987
-0.0608,0.0096,9.8068,-0.1264,-0.1949,9.8039,0.0101,0.1615,0.0945,-0.22,0.24,-0.15,23981.0,123.28,74.97,91.11,301.86,1.38,0.69,2.0,812.3,46.717,40.03498,-105.34364,5945.16,NaN,,2.89,38.709675,135.2,15 / 25,1311,2015-06-12 12:42:48:998
-0.0608,0.0096,9.8068,-0.1264,-0.1949,9.8039,0.0101,0.1615,0.0945,-0.22,0.24,-0.15,23981.0,123.28,74.97,91.11,301.86,1.38,0.69,2.0,812.3,46.717,40.03498,-105.34364,5945.16,NaN,,2.89,38.709675,135.2,15 / 25,1323,2015-06-12 12:42:49:010
-0.3929,0.1238,9.8508,-0.1264,-0.1949,9.8039,0.0101,0.1615,0.0945,-0.22,0.24,-0.15,23981.0,123.28,74.97,91.11,301.86,1.38,0.69,2.0,812.3,46.717,40.03498,-105.34364,5945.16,NaN,,2.89,38.709675,135.2,15 / 25,1331,2015-06-12 12:42:49:018
-0.3929,0.1238,9.8508,-0.1264,-0.1949,9.8039,0.0101,0.1615,0.0945,-0.22,0.24,-0.15,23981.0,123.28,74.97,91.11,301.86,1.38,0.69,2.0,812.3,46.717,40.03498,-105.34364,5945.16,NaN,,2.89,38.709675,135.2,15 / 25,1340,2015-06-12 12:42:49:027
-0.3929,0.1238,9.8508,-0.1264,-0.1949,9.8039,0.0101,0.1615,0.0945,-0.22,0.24,-0.15,23981.0,123.14,75.75,91.08,302.06,1.14,0.74,2.0,812.3,46.717,40.03498,-105.34364,5945.16,NaN,,2.89,38.709675,135.2,15 / 25,1351,2015-06-12 12:42:49:038
-0.3929,0.1238,9.8508,-0.1264,-0.1949,9.8039,-0.0039,0.2816,-0.0419,-0.15,0.0,-0.21,23981.0,123.14,75.75,91.08,302.06,1.14,0.74,2.0,812.3,46.717,40.03498,-105.34364,5945.16,NaN,,2.89,38.709675,135.2,15 / 25,1360,2015-06-12 12:42:49:047
-0.3929,0.1238,9.8508,-0.1264,-0.1949,9.8039,-0.0039,0.2816,-0.0419,-0.15,0.0,-0.21,23981.0,123.14,75.75,91.08,302.06,1.14,0.74,2.0,812.3,46.717,40.03498,-105.34364,5945.16,NaN,,2.89,38.709675,135.2,15 / 25,1371,2015-06-12 12:42:49:058
-0.3929,0.1238,9.8508,-0.1264,-0.1949,9.8039,-0.0039,0.2816,-0.0419,-0.15,0.0,-0.21,23981.0,123.14,75.75,91.08,302.06,1.14,0.74,2.0,812.3,46.717,40.03498,-105.34364,5945.16,NaN,,2.89,38.709675,135.2,15 / 25,1381,2015-06-12 12:42:49:068
-0.3929,0.1238,9.8508,-0.1264,-0.1949,9.8039,-0.0039,0.2816,-0.0419,-0.15,0.0,-0.21,23981.0,123.14,75.75,91.08,302.06,1.14,0.74,2.0,812.3,46.717,40.03498,-105.34364,5945.16,NaN,,2.89,38.709675,135.2,15 / 25,1392,2015-06-12 12:42:49:079
-0.3929,0.1238,9.8508,-0.1264,-0.1949,9.8039,-0.0039,0.2816,-0.0419,-0.15,0.0,-0.21,23981.0,123.14,75.75,91.08,302.06,1.14,0.74,2.0,812.3,46.717,40.03498,-105.34364,5945.16,NaN,,2.89,38.709675,135.2,15 / 25,1402,2015-06-12 12:42:49:089
-0.3929,0.1238,9.8508,-0.1264,-0.1949,9.8039,-0.0039,0.2816,-0.0419,-0.15,0.0,-0.21,23981.0,123.14,75.75,91.08,302.06,1.14,0.74,2.0,812.3,46.717,40.03498,-105.34364,5945.16,NaN,,2.89,38.709675,135.2,15 / 25,1411,2015-06-12 12:42:49:098
-0.3929,0.1238,9.8508,-0.1284,-0.1385,9.8048,-0.0039,0.2816,-0.0419,-0.15,0.0,-0.21,23981.0,123.14,75.75,91.08,302.06,1.14,0.74,2.0,812.3,46.717,40.03498,-105.34364,5945.16,NaN,,2.89,38.709675,135.2,15 / 25,1420,2015-06-12 12:42:49:107
0.1189,0.1833,10.1865,-0.1284,-0.1385,9.8048,-0.0039,0.2816,-0.0419,-0.15,0.0,-0.21,23981.0,123.14,75.75,91.08,302.06,1.14,0.74,2.0,812.3,46.717,40.03498,-105.34364,5945.16,NaN,,2.89,38.709675,135.2,15 / 25,1431,2015-06-12 12:42:49:118
0.1189,0.1833,10.1865,-0.1284,-0.1385,9.8048,-0.0039,0.2816,-0.0419,-0.15,0.0,-0.21,23871.0,123.14,75.75,91.08,302.06,1.14,0.74,2.0,812.3,46.717,40.03498,-105.34364,5945.16,NaN,,2.89,38.709675,135.2,15 / 25,1441,2015-06-12 12:42:49:128
0.1189,0.1833,10.1865,-0.1284,-0.1385,9.8048,-0.0039,0.2816,-0.0419,-0.15,0.0,-0.21,23871.0,123.14,75.75,91.08,302.06,1.14,0.74,2.0,812.3,46.717,40.03498,-105.34364,5945.16,NaN,,2.89,38.709675,135.2,15 / 25,1451,2015-06-12 12:42:49:138
0.1189,0.1833,10.1865,-0.1284,-0.1385,9.8048,-0.0039,0.2816,-0.0419,-0.15,0.0,-0.21,23871.0,123.14,75.75,91.08,302.06,1.14,0.74,2.0,812.3,46.717,40.03498,-105.34364,5945.16,NaN,,2.89,38.709675,135.2,15 / 25,1461,2015-06-12 12:42:49:148
0.1189,0.1833,10.1865,-0.1284,-0.1385,9.8048,-0.0039,0.2816,-0.0419,-0.15,0.0,-0.21,23871.0,123.34,75.63,90.81,301.89,0.81,0.75,2.0,812.3,46.717,40.03498,-105.34364,5945.16,NaN,,2.89,38.709675,135.2,15 / 25,1471,2015-06-12 12:42:49:158
0.1189,0.1833,10.1865,-0.1284,-0.1385,9.8048,-0.0039,0.2816,-0.0419,-0.15,0.0,-0.21,23871.0,123.34,75.63,90.81,301.89,0.81,0.75,2.0,812.3,46.717,40.03498,-105.34364,5945.16,NaN,,2.89,38.709675,135.2,15 / 25,1481,2015-06-12 12:42:49:168
0.1189,0.1833,10.1865,-0.1284,-0.1385,9.8048,0.0511,0.2327,-0.0307,-0.03,-0.06,-0.15,23871.0,123.34,75.63,90.81,301.89,0.81,0.75,2.0,812.3,46.717,40.03498,-105.34364,5945.16,NaN,,2.89,38.709675,135.2,15 / 25,1491,2015-06-12 12:42:49:178
0.1189,0.1833,10.1865,-0.1284,-0.1385,9.8048,0.0511,0.2327,-0.0307,-0.03,-0.06,-0.15,23871.0,123.34,75.63,90.81,301.89,0.81,0.75,2.0,812.3,46.717,40.03498,-105.34364,5945.16,NaN,,2.89,38.709675,135.2,15 / 25,1502,2015-06-12 12:42:49:189
0.1189,0.1833,10.1865,-0.1284,-0.1385,9.8048,0.0511,0.2327,-0.0307,-0.03,-0.06,-0.15,23871.0,123.34,75.63,90.81,301.89,0.81,0.75,2.0,812.3,46.717,40.03498,-105.34364,5945.16,NaN,,2.89,38.709675,135.2,15 / 25,1511,2015-06-12 12:42:49:198
-0.2155,0.1084,9.927,-0.1284,-0.1385,9.8048,0.0511,0.2327,-0.0307,-0.03,-0.06,-0.15,23871.0,123.34,75.63,90.81,301.89,0.81,0.75,2.0,812.3,46.717,40.03498,-105.34364,5945.16,NaN,,2.89,38.709675,135.2,15 / 25,1520,2015-06-12 12:42:49:207
-0.2155,0.1084,9.927,-0.1284,-0.1385,9.8048,0.0511,0.2327,-0.0307,-0.03,-0.06,-0.15,23871.0,123.34,75.63,90.81,301.89,0.81,0.75,2.0,812.3,46.717,40.03498,-105.34364,5945.16,NaN,,2.89,38.709675,135.2,15 / 25,1532,2015-06-12 12:42:49:219
-0.2155,0.1084,9.927,-0.1284,-0.1385,9.8048,0.0511,0.2327,-0.0307,-0.03,-0.06,-0.15,23871.0,123.34,75.63,90.81,301.89,0.81,0.75,2.0,812.3,46.717,40.03498,-105.34364,5945.16,NaN,,2.89,38.709675,135.2,15 / 25,1541,2015-06-12 12:42:49:228
-0.2155,0.1084,9.927,-0.1158,-0.0866,9.8056,0.0511,0.2327,-0.0307,-0.03,-0.06,-0.15,23871.0,123.34,75.63,90.81,301.89,0.81,0.75,2.0,812.3,46.717,40.03498,-105.34364,5945.16,NaN,,2.89,38.709675,135.2,15 / 25,1551,2015-06-12 12:42:49:238
-0.2155,0.1084,9.927,-0.1158,-0.0866,9.8056,0.0511,0.2327,-0.0307,-0.03,-0.06,-0.15,23871.0,123.34,75.63,90.81,301.89,0.81,0.75,2.0,812.29,46.717,40.03498,-105.34364,5945.16,NaN,,2.89,38.709675,135.2,15 / 25,1561,2015-06-12 12:42:49:248
-0.2155,0.1084,9.927,-0.1158,-0.0866,9.8056,0.0511,0.2327,-0.0307,-0.03,-0.06,-0.15,23871.0,123.34,75.63,90.81,301.89,0.81,0.75,2.0,812.29,47.542,40.03498,-105.34364,5945.16,NaN,,2.89,38.709675,135.2,15 / 25,1571,2015-06-12 12:42:49:258
-0.2155,0.1084,9.927,-0.1158,-0.0866,9.8056,0.0511,0.2327,-0.0307,-0.03,-0.06,-0.15,23871.0,123.34,75.63,90.81,301.89,0.81,0.75,2.0,812.29,47.542,40.03498,-105.34364,5945.16,NaN,,2.89,38.709675,135.2,15 / 25,1584,2015-06-12 12:42:49:271
-0.2155,0.1084,9.927,-0.1158,-0.0866,9.8056,0.0511,0.2327,-0.0307,-0.03,-0.06,-0.15,23871.0,123.34,75.63,90.81,301.89,0.81,0.75,2.0,812.29,47.542,40.03498,-105.34364,5945.16,NaN,,2.89,38.709675,135.2,15 / 25,1591,2015-06-12 12:42:49:278
-0.2155,0.1084,9.927,-0.1158,-0.0866,9.8056,0.0511,0.2327,-0.0307,-0.03,-0.06,-0.15,23871.0,123.34,75.63,90.81,301.89,0.81,0.75,2.0,812.29,47.542,40.03498,-105.34364,5945.16,NaN,,2.89,38.709675,135.2,15 / 25,1601,2015-06-12 12:42:49:288
-0.2155,0.1084,9.927,-0.1158,-0.0866,9.8056,0.0638,0.1636,0.0884,-0.09,0.06,-0.21,23871.0,122.47,75.78,90.96,301.96,0.51,0.68,2.0,812.29,47.542,40.03498,-105.34364,5945.16,NaN,,2.89,38.709675,135.2,15 / 25,1612,2015-06-12 12:42:49:299
-0.2155,0.1084,9.927,-0.1158,-0.0866,9.8056,0.0638,0.1636,0.0884,-0.09,0.06,-0.21,23871.0,122.47,75.78,90.96,301.96,0.51,0.68,2.0,812.29,47.542,40.03498,-105.34364,5945.16,NaN,,2.89,38.709675,135.2,15 / 25,1621,2015-06-12 12:42:49:308
0.1142,-0.0583,10.1496,-0.1158,-0.0866,9.8056,0.0638,0.1636,0.0884,-0.09,0.06,-0.21,25907.0,122.47,75.78,90.96,301.96,0.51,0.68,2.0,812.29,47.542,40.03498,-105.34364,5945.16,NaN,,2.89,38.709675,135.2,15 / 25,1631,2015-06-12 12:42:49:318
0.1142,-0.0583,10.1496,-0.1158,-0.0866,9.8056,0.0638,0.1636,0.0884,-0.09,0.06,-0.21,25907.0,122.47,75.78,90.96,301.96,0.51,0.68,2.0,812.29,47.542,40.03498,-105.34364,5945.16,NaN,,2.89,38.709675,135.2,15 / 25,1644,2015-06-12 12:42:49:331
0.1142,-0.0583,10.1496,-0.1158,-0.0866,9.8056,0.0638,0.1636,0.0884,-0.09,0.06,-0.21,25907.0,122.47,75.78,90.96,301.96,0.51,0.68,2.0,812.29,47.542,40.03498,-105.34364,5945.16,NaN,,2.89,38.709675,135.2,15 / 25,1654,2015-06-12 12:42:49:341
0.1142,-0.0583,10.1496,-0.1158,-0.0866,9.8056,0.0638,0.1636,0.0884,-0.09,0.06,-0.21,25907.0,122.47,75.78,90.96,301.96,0.51,0.68,2.0,812.29,47.542,40.03498,-105.34364,5945.16,NaN,,2.89,38.709675,135.2,15 / 25,1661,2015-06-12 12:42:49:348
0.1142,-0.0583,10.1496,-0.1158,-0.0866,9.8056,0.0638,0.1636,0.0884,-0.09,0.06,-0.21,25907.0,122.47,75.78,90.96,301.96,0.51,0.68,2.0,812.29,47.542,40.03498,-105.34364,5945.16,NaN,,2.89,38.709675,135.2,15 / 25,1673,2015-06-12 12:42:49:360
0.1142,-0.0583,10.1496,-0.1158,-0.0866,9.8056,0.0638,0.1636,0.0884,-0.09,0.06,-0.21,25907.0,122.47,75.78,90.96,301.96,0.51,0.68,2.0,812.29,47.542,40.03498,-105.34364,5945.16,NaN,,2.89,38.709675,135.2,15 / 25,1682,2015-06-12 12:42:49:369
0.1142,-0.0583,10.1496,-0.1158,-0.0866,9.8056,0.0638,0.1636,0.0884,-0.09,0.06,-0.21,25907.0,122.47,75.78,90.96,301.96,0.51,0.68,2.0,812.29,47.542,40.03498,-105.34364,5945.16,NaN,,2.89,38.709675,135.2,15 / 25,1691,2015-06-12 12:42:49:378
0.1142,-0.0583,10.1496,-0.1158,-0.0866,9.8056,0.0638,0.1636,0.0884,-0.09,0.06,-0.21,25907.0,122.47,75.78,90.96,301.96,0.51,0.68,2.0,812.29,47.542,40.03498,-105.34364,5945.16,NaN,,2.89,38.709675,135.2,15 / 25,1701,2015-06-12 12:42:49:388
0.1142,-0.0583,10.1496,-0.1158,-0.0866,9.8056,0.0638,0.1636,0.0884,-0.09,0.06,-0.21,25907.0,122.47,75.78,90.96,301.96,0.51,0.68,2.0,812.29,47.542,40.03498,-105.34364,5945.16,NaN,,2.89,38.709675,135.2,15 / 25,1711,2015-06-12 12:42:49:398
0.2296,0.0846,10.0044,-0.1074,-0.0596,9.8059,0.0136,0.0726,0.0381,-0.09,0.06,-0.21,25907.0,122.21,75.98,90.96,301.96,0.51,0.68,2.0,812.29,47.542,40.03498,-105.34364,5945.16,NaN,,2.89,38.709675,135.2,15 / 25,1720,2015-06-12 12:42:49:407
0.2296,0.0846,10.0044,-0.1074,-0.0596,9.8059,0.0136,0.0726,0.0381,-0.09,0.06,-0.21,25907.0,122.21,75.98,90.96,301.96,0.51,0.68,2.0,812.29,47.542,40.03498,-105.34364,5945.16,NaN,,2.89,38.709675,135.2,15 / 25,1731,2015-06-12 12:42:49:418
0.2296,0.0846,10.0044,-0.1074,-0.0596,9.8059,0.0136,0.0726,0.0381,-0.22,0.12,-0.21,25907.0,122.21,75.98,90.96,301.96,0.51,0.68,2.0,812.29,47.542,40.03498,-105.34364,5945.16,NaN,,2.89,38.709675,135.2,15 / 25,1740,2015-06-12 12:42:49:427
0.2296,0.0846,10.0044,-0.1074,-0.0596,9.8059,0.0136,0.0726,0.0381,-0.22,0.12,-0.21,25907.0,122.21,75.98,90.96,301.96,0.51,0.68,2.0,812.29,47.542,40.03498,-105.34364,5945.16,NaN,,2.89,38.709675,135.2,15 / 25,1762,2015-06-12 12:42:49:449
0.2296,0.0846,10.0044,-0.1074,-0.0596,9.8059,0.0136,0.0726,0.0381,-0.22,0.12,-0.21,25907.0,122.21,75.98,90.96,301.96,0.51,0.68,2.0,812.29,47.542,40.03498,-105.34364,5945.16,NaN,,2.89,38.709675,135.2,15 / 25,1767,2015-06-12 12:42:49:454
0.2296,0.0846,10.0044,-0.1074,-0.0596,9.8059,0.0136,0.0726,0.0381,-0.22,0.12,-0.21,25907.0,122.21,75.98,90.96,301.96,0.51,0.68,2.0,812.29,47.542,40.03498,-105.34364,5945.16,NaN,,2.89,38.709675,135.2,15 / 25,1777,2015-06-12 12:42:49:464
0.2296,0.0846,10.0044,-0.1074,-0.0596,9.8059,0.0136,0.0726,0.0381,-0.22,0.12,-0.21,25907.0,122.21,75.98,90.96,301.96,0.51,0.68,2.0,812.29,47.542,40.03498,-105.34364,5945.16,NaN,,2.89,38.709675,135.2,15 / 25,1783,2015-06-12 12:42:49:470
0.2296,0.0846,10.0044,-0.1074,-0.0596,9.8059,0.0136,0.0726,0.0381,-0.22,0.12,-0.21,25907.0,122.21,75.98,90.96,301.96,0.51,0.68,2.0,812.29,47.542,40.03498,-105.34364,5945.16,NaN,,2.89,38.709675,135.2,15 / 25,1791,2015-06-12 12:42:49:478
-0.0679,0.1572,10.0639,-0.1093,-0.039,9.806,0.0136,0.0726,0.0381,-0.22,0.12,-0.21,25907.0,122.21,75.98,90.96,301.96,0.51,0.68,2.0,812.29,47.542,40.03498,-105.34364,5945.16,NaN,,2.89,38.709675,135.2,15 / 25,1805,2015-06-12 12:42:49:492
-0.0679,0.1572,10.0639,-0.1093,-0.039,9.806,0.0136,0.0726,0.0381,-0.22,0.12,-0.21,25907.0,122.21,75.98,90.96,301.96,0.51,0.68,2.0,812.29,47.542,40.03498,-105.34364,5945.16,NaN,,2.89,38.709675,135.2,15 / 25,1811,2015-06-12 12:42:49:498
-0.0679,0.1572,10.0639,-0.1093,-0.039,9.806,0.0136,0.0726,0.0381,-0.22,0.12,-0.21,25907.0,122.21,75.98,90.96,301.96,0.51,0.68,2.0,812.29,47.542,40.03498,-105.34364,5945.16,NaN,,2.89,38.709675,135.2,15 / 25,1821,2015-06-12 12:42:49:508
-0.0679,0.1572,10.0639,-0.1093,-0.039,9.806,0.0136,0.0726,0.0381,-0.22,0.12,-0.21,25907.0,122.21,75.98,90.96,301.96,0.51,0.68,2.0,812.29,47.542,40.03498,-105.34364,5945.16,NaN,,2.89,38.709675,135.2,15 / 25,1837,2015-06-12 12:42:49:524
-0.0679,0.1572,10.0639,-0.1093,-0.039,9.806,0.0136,0.0726,0.0381,-0.22,0.12,-0.21,25907.0,122.21,75.98,90.96,301.96,0.51,0.68,2.0,812.29,47.542,40.03498,-105.34364,5945.16,NaN,,2.89,38.709675,135.2,15 / 25,1841,2015-06-12 12:42:49:528
-0.0679,0.1572,10.0639,-0.1093,-0.039,9.806,0.0136,0.0726,0.0381,-0.22,0.12,-0.21,25907.0,122.21,75.98,90.96,301.96,0.51,0.68,2.0,812.29,47.542,40.03498,-105.34364,5945.16,NaN,,2.89,38.709675,135.2,15 / 25,1852,2015-06-12 12:42:49:539
-0.0679,0.1572,10.0639,-0.1093,-0.039,9.806,0.0136,0.0726,0.0381,-0.22,0.12,-0.21,25907.0,122.21,75.98,90.96,301.96,0.51,0.68,2.0,812.29,47.542,40.03498,-105.34364,5945.16,NaN,,2.89,38.709675,135.2,15 / 25,1861,2015-06-12 12:42:49:548
-0.0679,0.1572,10.0639,-0.1093,-0.039,9.806,0.0392,0.0933,0.0197,-0.09,0.06,-0.02,25907.0,122.21,75.98,90.96,301.96,0.51,0.68,2.0,812.29,47.542,40.03498,-105.34364,5945.16,NaN,,2.89,38.709675,135.2,15 / 25,1874,2015-06-12 12:42:49:561
-0.0679,0.1572,10.0639,-0.1093,-0.039,9.806,0.0392,0.0933,0.0197,-0.09,0.06,-0.02,25907.0,122.71,75.94,91.04,301.62,0.23,0.64,2.0,812.29,47.542,40.03498,-105.34364,5945.16,NaN,,2.89,38.709675,135.2,15 / 25,1887,2015-06-12 12:42:49:574
-0.0679,0.1572,10.0639,-0.1093,-0.039,9.806,0.0392,0.0933,0.0197,-0.09,0.06,-0.02,25907.0,122.71,75.94,91.04,301.62,0.23,0.64,2.0,812.29,47.542,40.03498,-105.34364,5945.16,NaN,,2.89,38.709675,135.2,15 / 25,1891,2015-06-12 12:42:49:578
0.3796,0.1024,10.0365,-0.1093,-0.039,9.806,0.0392,0.0933,0.0197,-0.09,0.06,-0.02,25907.0,122.71,75.94,91.04,301.62,0.23,0.64,2.0,812.29,47.091,40.03498,-105.34364,5945.16,NaN,,2.89,38.709675,135.2,15 / 25,1906,2015-06-12 12:42:49:593
0.3796,0.1024,10.0365,-0.1093,-0.039,9.806,0.0392,0.0933,0.0197,-0.09,0.06,-0.02,25907.0,122.71,75.94,91.04,301.62,0.23,0.64,2.0,812.29,47.091,40.03498,-105.34364,5945.16,NaN,,2.89,38.709675,135.2,15 / 25,1911,2015-06-12 12:42:49:598
0.3796,0.1024,10.0365,-0.1093,-0.039,9.806,0.0392,0.0933,0.0197,-0.09,0.06,-0.02,25907.0,122.71,75.94,91.04,301.62,0.23,0.64,2.0,812.29,47.091,40.03498,-105.34364,5945.16,NaN,,2.89,38.709675,135.2,15 / 25,1921,2015-06-12 12:42:49:608
0.3796,0.1024,10.0365,-0.1018,-0.0194,9.8061,0.0392,0.0933,0.0197,-0.09,0.06,-0.02,25907.0,122.71,75.94,91.04,301.62,0.23,0.64,2.0,812.29,47.091,40.03498,-105.34364,5945.16,NaN,,2.89,38.709675,135.2,15 / 25,1931,2015-06-12 12:42:49:618
0.3796,0.1024,10.0365,-0.1018,-0.0194,9.8061,0.0392,0.0933,0.0197,-0.09,0.06,-0.02,25907.0,122.71,75.94,91.04,301.62,0.23,0.64,2.0,812.29,47.091,40.03498,-105.34364,5945.16,NaN,,2.89,38.709675,135.2,15 / 25,1941,2015-06-12 12:42:49:628
0.3796,0.1024,10.0365,-0.1018,-0.0194,9.8061,0.0392,0.0933,0.0197,-0.09,0.06,-0.02,27062.0,122.71,75.94,91.04,301.62,0.23,0.64,2.0,812.29,47.091,40.03498,-105.34364,5945.16,NaN,,2.89,38.709675,135.2,15 / 25,1950,2015-06-12 12:42:49:637
0.3796,0.1024,10.0365,-0.1018,-0.0194,9.8061,0.0392,0.0933,0.0197,-0.09,0.06,-0.02,27062.0,122.71,75.94,91.04,301.62,0.23,0.64,2.0,812.29,47.091,40.03498,-105.34364,5945.16,NaN,,2.89,38.709675,135.2,15 / 25,1961,2015-06-12 12:42:49:648
0.3796,0.1024,10.0365,-0.1018,-0.0194,9.8061,0.0392,0.0933,0.0197,-0.09,0.06,-0.02,27062.0,122.71,75.94,91.04,301.62,0.23,0.64,2.0,812.33,47.091,40.03498,-105.34364,5945.16,NaN,,2.89,38.709675,135.2,15 / 25,1971,2015-06-12 12:42:49:658
0.3796,0.1024,10.0365,-0.1018,-0.0194,9.8061,0.0392,0.0933,0.0197,-0.09,0.06,-0.02,27062.0,122.71,75.94,91.04,301.62,0.23,0.64,2.0,812.33,47.091,40.03498,-105.34364,5945.16,NaN,,2.89,38.709675,135.2,15 / 25,1981,2015-06-12 12:42:49:668
0.3796,0.1024,10.0365,-0.1018,-0.0194,9.8061,0.0392,0.0933,0.0197,-0.09,0.06,-0.02,27062.0,122.71,75.94,91.04,301.62,0.23,0.64,2.0,812.33,47.091,40.03498,-105.34364,5945.16,NaN,,2.89,38.709675,135.2,15 / 25,1991,2015-06-12 12:42:49:678
-0.4798,0.1405,9.9104,-0.1018,-0.0194,9.8061,-0.0411,0.1898,0.001,-0.09,-0.12,-0.21,27062.0,122.71,75.94,91.04,301.62,0.23,0.64,2.0,812.33,47.091,40.03498,-105.34364,5945.16,NaN,,2.89,38.709675,135.2,15 / 25,2001,2015-06-12 12:42:49:688
-0.4798,0.1405,9.9104,-0.1018,-0.0194,9.8061,-0.0411,0.1898,0.001,-0.09,-0.12,-0.21,27062.0,122.71,75.94,91.04,301.62,0.23,0.64,2.0,812.33,47.091,40.03498,-105.34364,5945.16,NaN,,2.89,38.709675,135.2,15 / 25,2011,2015-06-12 12:42:49:698
-0.4798,0.1405,9.9104,-0.1018,-0.0194,9.8061,-0.0411,0.1898,0.001,-0.09,-0.12,-0.21,27062.0,122.93,75.72,91.2,301.58,0.11,0.59,2.0,812.33,47.091,40.03498,-105.34364,5945.16,NaN,,2.89,38.709675,135.2,15 / 25,2023,2015-06-12 12:42:49:710
-0.4798,0.1405,9.9104,-0.1018,-0.0194,9.8061,-0.0411,0.1898,0.001,-0.09,-0.12,-0.21,27062.0,122.93,75.72,91.2,301.58,0.11,0.59,2.0,812.33,47.091,40.03498,-105.34364,5945.16,NaN,,2.89,38.709675,135.2,15 / 25,2033,2015-06-12 12:42:49:720
-0.4798,0.1405,9.9104,-0.1018,-0.0194,9.8061,-0.0411,0.1898,0.001,-0.09,-0.12,-0.21,27062.0,122.93,75.72,91.2,301.58,0.11,0.59,2.0,812.33,47.091,40.03498,-105.34364,5945.16,NaN,,2.89,38.709675,135.2,15 / 25,2041,2015-06-12 12:42:49:728
-0.4798,0.1405,9.9104,-0.1018,-0.0194,9.8061,-0.0411,0.1898,0.001,-0.09,-0.12,-0.21,27062.0,122.93,75.72,91.2,301.58,0.11,0.59,2.0,812.33,47.091,40.03498,-105.34364,5945.16,NaN,,2.89,38.709675,135.2,15 / 25,2051,2015-06-12 12:42:49:738
-0.4798,0.1405,9.9104,-0.1083,0.0059,9.8061,-0.0411,0.1898,0.001,-0.09,-0.12,-0.21,27062.0,122.93,75.72,91.2,301.58,0.11,0.59,2.0,812.33,47.091,40.03498,-105.34364,5945.16,NaN,,2.89,38.709675,135.2,15 / 25,2062,2015-06-12 12:42:49:749
-0.4798,0.1405,9.9104,-0.1083,0.0059,9.8061,-0.0411,0.1898,0.001,-0.09,-0.12,-0.21,27062.0,122.93,75.72,91.2,301.58,0.11,0.59,2.0,812.33,47.091,40.03498,-105.34364,5945.16,NaN,,2.89,38.709675,135.2,15 / 25,2070,2015-06-12 12:42:49:757
-0.4798,0.1405,9.9104,-0.1083,0.0059,9.8061,-0.0411,0.1898,0.001,-0.09,-0.12,-0.21,27062.0,122.93,75.72,91.2,301.58,0.11,0.59,2.0,812.33,47.091,40.035,-105.343636,5941.94,NaN,,2.68,38.709675,135.2,15 / 25,2081,2015-06-12 12:42:49:768
-0.4798,0.1405,9.9104,-0.1083,0.0059,9.8061,-0.0411,0.1898,0.001,-0.09,-0.12,-0.21,27062.0,122.93,75.72,91.2,301.58,0.11,0.59,2.0,812.33,47.091,40.035,-105.343636,5941.94,NaN,,2.68,38.709675,135.2,15 / 25,2090,2015-06-12 12:42:49:777
0.1142,0.2321,9.8247,-0.1083,0.0059,9.8061,-0.0411,0.1898,0.001,-0.09,-0.12,-0.21,27062.0,122.93,75.72,91.2,301.58,0.11,0.59,2.0,812.33,47.091,40.035,-105.343636,5941.94,NaN,,2.68,38.709675,135.2,15 / 25,2101,2015-06-12 12:42:49:788
0.1142,0.2321,9.8247,-0.1083,0.0059,9.8061,-0.0411,0.1898,0.001,-0.09,-0.12,-0.21,27062.0,122.93,75.72,91.2,301.58,0.11,0.59,2.0,812.33,47.091,40.035,-105.343636,5941.94,NaN,,2.68,38.709675,135.2,15 / 25,2111,2015-06-12 12:42:49:798
0.1142,0.2321,9.8247,-0.1083,0.0059,9.8061,-0.0411,0.1898,0.001,-0.09,-0.12,-0.21,27062.0,122.93,75.72,91.2,301.58,0.11,0.59,2.0,812.33,47.091,40.035,-105.343636,5941.94,NaN,,2.68,38.709675,135.2,15 / 25,2120,2015-06-12 12:42:49:807
0.1142,0.2321,9.8247,-0.1083,0.0059,9.8061,-0.0168,0.0379,0.0208,-0.4,0.18,-0.39,25467.0,122.93,75.72,91.2,301.58,0.11,0.59,2.0,812.33,47.091,40.035,-105.343636,5941.94,NaN,,2.68,38.709675,135.2,15 / 25,2135,2015-06-12 12:42:49:822
0.1142,0.2321,9.8247,-0.1083,0.0059,9.8061,-0.0168,0.0379,0.0208,-0.4,0.18,-0.39,25467.0,122.93,75.72,91.2,301.58,0.11,0.59,2.0,812.33,47.091,40.035,-105.343636,5941.94,NaN,,2.68,38.709675,135.2,15 / 25,2141,2015-06-12 12:42:49:828
0.1142,0.2321,9.8247,-0.1083,0.0059,9.8061,-0.0168,0.0379,0.0208,-0.4,0.18,-0.39,25467.0,122.93,75.72,91.2,301.58,0.11,0.59,2.0,812.33,47.091,40.035,-105.343636,5941.94,NaN,,2.68,38.709675,135.2,15 / 25,2151,2015-06-12 12:42:49:838
0.1142,0.2321,9.8247,-0.1083,0.0059,9.8061,-0.0168,0.0379,0.0208,-0.4,0.18,-0.39,25467.0,123.3,76.07,91.25,301.49,-0.03,0.63,2.0,812.33,47.091,40.035,-105.343636,5941.94,NaN,,2.68,38.709675,135.2,15 / 25,2161,2015-06-12 12:42:49:848
0.1142,0.2321,9.8247,-0.1083,0.0059,9.8061,-0.0168,0.0379,0.0208,-0.4,0.18,-0.39,25467.0,123.3,76.07,91.25,301.49,-0.03,0.63,2.0,812.3,47.091,40.035,-105.343636,5941.94,NaN,,2.68,38.709675,135.2,15 / 25,2171,2015-06-12 12:42:49:858
0.1142,0.2321,9.8247,-0.1083,0.0059,9.8061,-0.0168,0.0379,0.0208,-0.4,0.18,-0.39,25467.0,123.3,76.07,91.25,301.49,-0.03,0.63,2.0,812.3,47.091,40.035,-105.343636,5941.94,NaN,,2.68,38.709675,135.2,15 / 25,2183,2015-06-12 12:42:49:870
-0.087,-0.113,10.1151,-0.0937,0.0114,9.8062,-0.0168,0.0379,0.0208,-0.4,0.18,-0.39,25467.0,123.3,76.07,91.25,301.49,-0.03,0.63,2.0,812.3,47.091,40.035,-105.343636,5941.94,NaN,,2.68,38.709675,135.2,15 / 25,2191,2015-06-12 12:42:49:878
-0.087,-0.113,10.1151,-0.0937,0.0114,9.8062,-0.0168,0.0379,0.0208,-0.4,0.18,-0.39,25467.0,123.3,76.07,91.25,301.49,-0.03,0.63,2.0,812.3,47.091,40.035,-105.343636,5941.94,NaN,,2.68,38.709675,135.2,15 / 25,2201,2015-06-12 12:42:49:888
-0.087,-0.113,10.1151,-0.0937,0.0114,9.8062,-0.0168,0.0379,0.0208,-0.4,0.18,-0.39,25467.0,123.3,76.07,91.25,301.49,-0.03,0.63,2.0,812.3,47.091,40.035,-105.343636,5941.94,NaN,,2.68,38.709675,135.2,15 / 25,2210,2015-06-12 12:42:49:897
-0.087,-0.113,10.1151,-0.0937,0.0114,9.8062,-0.0168,0.0379,0.0208,-0.4,0.18,-0.39,25467.0,123.3,76.07,91.25,301.49,-0.03,0.63,2.0,812.3,49.455,40.035,-105.343636,5941.94,NaN,,2.68,38.709675,135.2,15 / 25,2221,2015-06-12 12:42:49:908
-0.087,-0.113,10.1151,-0.0937,0.0114,9.8062,-0.0168,0.0379,0.0208,-0.4,0.18,-0.39,25467.0,123.3,76.07,91.25,301.49,-0.03,0.63,2.0,812.3,49.455,40.035,-105.343636,5941.94,NaN,,2.68,38.709675,135.2,15 / 25,2231,2015-06-12 12:42:49:918
-0.087,-0.113,10.1151,-0.0937,0.0114,9.8062,-0.0168,0.0379,0.0208,-0.4,0.18,-0.39,25467.0,123.3,76.07,91.25,301.49,-0.03,0.63,2.0,812.3,49.455,40.035,-105.343636,5941.94,NaN,,2.68,38.709675,135.2,15 / 25,2241,2015-06-12 12:42:49:928
-0.087,-0.113,10.1151,-0.0937,0.0114,9.8062,0.0265,-0.1468,-0.0911,-0.22,0.24,-0.27,25467.0,123.3,76.07,91.25,301.49,-0.03,0.63,2.0,812.3,49.455,40.035,-105.343636,5941.94,NaN,,2.68,38.709675,135.2,15 / 25,2250,2015-06-12 12:42:49:937
-0.087,-0.113,10.1151,-0.0937,0.0114,9.8062,0.0265,-0.1468,-0.0911,-0.22,0.24,-0.27,25467.0,123.3,76.07,91.25,301.49,-0.03,0.63,2.0,812.3,49.455,40.035,-105.343636,5941.94,NaN,,2.68,38.709675,135.2,15 / 25,2261,2015-06-12 12:42:49:948
-0.087,-0.113,10.1151,-0.0937,0.0114,9.8062,0.0265,-0.1468,-0.0911,-0.22,0.24,-0.27,25467.0,123.3,76.07,91.25,301.49,-0.03,0.63,2.0,812.3,49.455,40.035,-105.343636,5941.94,NaN,,2.68,38.709675,135.2,15 / 25,2272,2015-06-12 12:42:49:959
-0.3584,-0.1213,9.9592,-0.0937,0.0114,9.8062,0.0265,-0.1468,-0.0911,-0.22,0.24,-0.27,25467.0,123.12,75.6,91.3,301.5,-0.07,0.55,2.0,812.3,49.455,40.035,-105.343636,5941.94,NaN,,2.68,38.709675,135.2,15 / 25,2282,2015-06-12 12:42:49:969
-0.3584,-0.1213,9.9592,-0.0937,0.0114,9.8062,0.0265,-0.1468,-0.0911,-0.22,0.24,-0.27,25467.0,123.12,75.6,91.3,301.5,-0.07,0.55,2.0,812.3,49.455,40.035,-105.343636,5941.94,NaN,,2.68,38.709675,135.2,15 / 25,2298,2015-06-12 12:42:49:985
-0.3584,-0.1213,9.9592,-0.0937,0.0114,9.8062,0.0265,-0.1468,-0.0911,-0.22,0.24,-0.27,25467.0,123.12,75.6,91.3,301.5,-0.07,0.55,2.0,812.3,49.455,40.035,-105.343636,5941.94,NaN,,2.68,38.709675,135.2,15 / 25,2300,2015-06-12 12:42:49:987
-0.3584,-0.1213,9.9592,-0.0937,0.0114,9.8062,0.0265,-0.1468,-0.0911,-0.22,0.24,-0.27,25467.0,123.12,75.6,91.3,301.5,-0.07,0.55,2.0,812.3,49.455,40.035,-105.343636,5941.94,NaN,,2.68,38.709675,135.2,15 / 25,2311,2015-06-12 12:42:49:998
-0.3584,-0.1213,9.9592,-0.0925,-0.0271,9.8062,0.0265,-0.1468,-0.0911,-0.22,0.24,-0.27,25467.0,123.12,75.6,91.3,301.5,-0.07,0.55,2.0,812.3,49.455,40.035,-105.343636,5941.94,NaN,,2.68,38.709675,135.2,15 / 25,2321,2015-06-12 12:42:50:008
-0.3584,-0.1213,9.9592,-0.0925,-0.0271,9.8062,0.0265,-0.1468,-0.0911,-0.22,0.24,-0.27,25467.0,123.12,75.6,91.3,301.5,-0.07,0.55,2.0,812.3,49.455,40.035,-105.343636,5941.94,NaN,,2.68,38.709675,135.2,15 / 25,2333,2015-06-12 12:42:50:020
-0.3584,-0.1213,9.9592,-0.0925,-0.0271,9.8062,0.0265,-0.1468,-0.0911,-0.22,0.24,-0.27,25467.0,123.12,75.6,91.3,301.5,-0.07,0.55,2.0,812.3,49.455,40.035,-105.343636,5941.94,NaN,,2.68,38.709675,135.2,15 / 25,2341,2015-06-12 12:42:50:028
-0.3584,-0.1213,9.9592,-0.0925,-0.0271,9.8062,0.0265,-0.1468,-0.0911,-0.22,0.24,-0.27,25467.0,123.12,75.6,91.3,301.5,-0.07,0.55,2.0,812.3,49.455,40.035,-105.343636,5941.94,NaN,,2.68,38.709675,135.2,15 / 25,2351,2015-06-12 12:42:50:038
-0.3584,-0.1213,9.9592,-0.0925,-0.0271,9.8062,0.0265,-0.1468,-0.0911,-0.22,0.24,-0.27,25467.0,123.12,75.6,91.3,301.5,-0.07,0.55,2.0,812.3,49.455,40.035,-105.343636,5941.94,NaN,,2.68,38.709675,135.2,15 / 25,2361,2015-06-12 12:42:50:048
0.2486,0.0846,9.927,-0.0925,-0.0271,9.8062,0.0265,-0.1468,-0.0911,-0.22,0.24,-0.27,25467.0,123.12,75.6,91.3,301.5,-0.07,0.55,2.0,812.3,49.455,40.035,-105.343636,5941.94,NaN,,2.68,38.709675,135.2,15 / 25,2372,2015-06-12 12:42:50:059
0.2486,0.0846,9.927,-0.0925,-0.0271,9.8062,-0.0031,0.0193,-0.0236,-0.34,0.31,-0.08,25467.0,123.12,75.6,91.3,301.5,-0.07,0.55,2.0,812.3,49.455,40.035,-105.343636,5941.94,NaN,,2.68,38.709675,135.2,15 / 25,2384,2015-06-12 12:42:50:071
0.2486,0.0846,9.927,-0.0925,-0.0271,9.8062,-0.0031,0.0193,-0.0236,-0.34,0.31,-0.08,25467.0,123.12,75.6,91.3,301.5,-0.07,0.55,2.0,812.3,49.455,40.035,-105.343636,5941.94,NaN,,2.68,38.709675,135.2,15 / 25,2390,2015-06-12 12:42:50:077
0.2486,0.0846,9.927,-0.0925,-0.0271,9.8062,-0.0031,0.0193,-0.0236,-0.34,0.31,-0.08,25467.0,123.12,75.6,91.3,301.5,-0.07,0.55,2.0,812.3,49.455,40.035,-105.343636,5941.94,NaN,,2.68,38.709675,135.2,15 / 25,2400,2015-06-12 12:42:50:087
0.2486,0.0846,9.927,-0.0925,-0.0271,9.8062,-0.0031,0.0193,-0.0236,-0.34,0.31,-0.08,24641.0,123.12,75.6,91.3,301.5,-0.07,0.55,2.0,812.3,49.455,40.035,-105.343636,5941.94,NaN,,2.68,38.709675,135.2,15 / 25,2411,2015-06-12 12:42:50:098
0.2486,0.0846,9.927,-0.0925,-0.0271,9.8062,-0.0031,0.0193,-0.0236,-0.34,0.31,-0.08,24641.0,123.07,75.66,91.29,301.62,0.16,0.54,2.0,812.3,49.455,40.035,-105.343636,5941.94,NaN,,2.68,38.709675,135.2,15 / 25,2421,2015-06-12 12:42:50:108
0.2486,0.0846,9.927,-0.0925,-0.0271,9.8062,-0.0031,0.0193,-0.0236,-0.34,0.31,-0.08,24641.0,123.07,75.66,91.29,301.62,0.16,0.54,2.0,812.3,49.455,40.035,-105.343636,5941.94,NaN,,2.68,38.709675,135.2,15 / 25,2430,2015-06-12 12:42:50:117
0.2486,0.0846,9.927,-0.0968,-0.0255,9.8061,-0.0031,0.0193,-0.0236,-0.34,0.31,-0.08,24641.0,123.07,75.66,91.29,301.62,0.16,0.54,2.0,812.3,49.455,40.035,-105.343636,5941.94,NaN,,2.68,38.709675,135.2,15 / 25,2441,2015-06-12 12:42:50:128
0.2486,0.0846,9.927,-0.0968,-0.0255,9.8061,-0.0031,0.0193,-0.0236,-0.34,0.31,-0.08,24641.0,123.07,75.66,91.29,301.62,0.16,0.54,2.0,812.3,49.455,40.035,-105.343636,5941.94,NaN,,2.68,38.709675,135.2,15 / 25,2451,2015-06-12 12:42:50:138
0.2486,0.0846,9.927,-0.0968,-0.0255,9.8061,-0.0031,0.0193,-0.0236,-0.34,0.31,-0.08,24641.0,123.07,75.66,91.29,301.62,0.16,0.54,2.0,812.3,49.455,40.035,-105.343636,5941.94,NaN,,2.68,38.709675,135.2,15 / 25,2461,2015-06-12 12:42:50:148
0.0463,-0.0083,9.9377,-0.0968,-0.0255,9.8061,-0.0031,0.0193,-0.0236,-0.34,0.31,-0.08,24641.0,123.07,75.66,91.29,301.62,0.16,0.54,2.0,812.3,49.455,40.035,-105.343636,5941.94,NaN,,2.68,38.709675,135.2,15 / 25,2470,2015-06-12 12:42:50:157
0.0463,-0.0083,9.9377,-0.0968,-0.0255,9.8061,-0.0031,0.0193,-0.0236,-0.34,0.31,-0.08,24641.0,123.07,75.66,91.29,301.62,0.16,0.54,2.0,812.3,49.455,40.035,-105.343636,5941.94,NaN,,2.68,38.709675,135.2,15 / 25,2481,2015-06-12 12:42:50:168
0.0463,-0.0083,9.9377,-0.0968,-0.0255,9.8061,-0.0031,0.0193,-0.0236,-0.34,0.31,-0.08,24641.0,123.07,75.66,91.29,301.62,0.16,0.54,2.0,812.3,49.455,40.035,-105.343636,5941.94,NaN,,2.68,38.709675,135.2,15 / 25,2491,2015-06-12 12:42:50:178
0.0463,-0.0083,9.9377,-0.0968,-0.0255,9.8061,-0.0031,0.0193,-0.0236,-0.34,0.31,-0.08,24641.0,123.07,75.66,91.29,301.62,0.16,0.54,2.0,812.3,49.455,40.035,-105.343636,5941.94,NaN,,2.68,38.709675,135.2,15 / 25,2501,2015-06-12 12:42:50:188
0.0463,-0.0083,9.9377,-0.0968,-0.0255,9.8061,0.0664,0.0238,0.0898,-0.09,0.43,0.22,24641.0,123.07,75.66,91.29,301.62,0.16,0.54,2.0,812.3,49.455,40.035,-105.343636,5941.94,NaN,,2.68,38.709675,135.2,15 / 25,2511,2015-06-12 12:42:50:198
0.0463,-0.0083,9.9377,-0.0968,-0.0255,9.8061,0.0664,0.0238,0.0898,-0.09,0.43,0.22,24641.0,123.07,75.66,91.29,301.62,0.16,0.54,2.0,812.3,49.455,40.035,-105.343636,5941.94,NaN,,2.68,38.709675,135.2,15 / 25,2521,2015-06-12 12:42:50:208
0.0463,-0.0083,9.9377,-0.0968,-0.0255,9.8061,0.0664,0.0238,0.0898,-0.09,0.43,0.22,24641.0,123.07,75.66,91.29,301.62,0.16,0.54,2.0,812.3,49.455,40.035,-105.343636,5941.94,NaN,,2.68,38.709675,135.2,15 / 25,2531,2015-06-12 12:42:50:218
0.0463,-0.0083,9.9377,-0.0968,-0.0255,9.8061,0.0664,0.0238,0.0898,-0.09,0.43,0.22,24641.0,123.07,75.66,91.29,301.62,0.16,0.54,2.0,812.3,50.094,40.035,-105.343636,5941.94,NaN,,2.68,38.709675,135.2,15 / 25,2541,2015-06-12 12:42:50:228
0.0463,-0.0083,9.9377,-0.0968,-0.0255,9.8061,0.0664,0.0238,0.0898,-0.09,0.43,0.22,24641.0,123.07,75.66,91.29,301.62,0.16,0.54,2.0,812.3,50.094,40.035,-105.343636,5941.94,NaN,,2.68,38.709675,135.2,15 / 25,2552,2015-06-12 12:42:50:239
0.0463,-0.0083,9.9377,-0.0968,-0.0255,9.8061,0.0664,0.0238,0.0898,-0.09,0.43,0.22,24641.0,123.5,75.88,91.11,301.6,0.15,0.57,2.0,812.3,50.094,40.035,-105.343636,5941.94,NaN,,2.68,38.709675,135.2,15 / 25,2560,2015-06-12 12:42:50:247
0.1879,-0.0392,10.0829,-0.0968,-0.0255,9.8061,0.0664,0.0238,0.0898,-0.09,0.43,0.22,24641.0,123.5,75.88,91.11,301.6,0.15,0.57,2.0,812.29,50.094,40.035,-105.343636,5941.94,NaN,,2.68,38.709675,135.2,15 / 25,2571,2015-06-12 12:42:50:258
0.1879,-0.0392,10.0829,-0.0923,-0.0284,9.8062,0.0664,0.0238,0.0898,-0.09,0.43,0.22,24641.0,123.5,75.88,91.11,301.6,0.15,0.57,2.0,812.29,50.094,40.035,-105.343636,5941.94,NaN,,2.68,38.709675,135.2,15 / 25,2580,2015-06-12 12:42:50:267
0.1879,-0.0392,10.0829,-0.0923,-0.0284,9.8062,0.0664,0.0238,0.0898,-0.09,0.43,0.22,24641.0,123.5,75.88,91.11,301.6,0.15,0.57,2.0,812.29,50.094,40.035,-105.343636,5941.94,NaN,,2.68,38.709675,135.2,15 / 25,2590,2015-06-12 12:42:50:277
0.1879,-0.0392,10.0829,-0.0923,-0.0284,9.8062,0.0664,0.0238,0.0898,-0.09,0.43,0.22,24641.0,123.5,75.88,91.11,301.6,0.15,0.57,2.0,812.29,50.094,40.035,-105.343636,5941.94,NaN,,2.68,38.709675,135.2,15 / 25,2601,2015-06-12 12:42:50:288
0.1879,-0.0392,10.0829,-0.0923,-0.0284,9.8062,0.0664,0.0238,0.0898,-0.09,0.43,0.22,24641.0,123.5,75.88,91.11,301.6,0.15,0.57,2.0,812.29,50.094,40.035,-105.343636,5941.94,NaN,,2.68,38.709675,135.2,15 / 25,2619,2015-06-12 12:42:50:306
0.1879,-0.0392,10.0829,-0.0923,-0.0284,9.8062,0.0664,0.0238,0.0898,-0.09,0.43,0.22,24641.0,123.5,75.88,91.11,301.6,0.15,0.57,2.0,812.29,50.094,40.035,-105.343636,5941.94,NaN,,2.68,38.709675,135.2,15 / 25,2626,2015-06-12 12:42:50:313
0.1879,-0.0392,10.0829,-0.0923,-0.0284,9.8062,0.0664,0.0238,0.0898,-0.09,0.43,0.22,24641.0,123.5,75.88,91.11,301.6,0.15,0.57,2.0,812.29,50.094,40.035,-105.343636,5941.94,NaN,,2.68,38.709675,135.2,15 / 25,2632,2015-06-12 12:42:50:319
0.1879,-0.0392,10.0829,-0.0923,-0.0284,9.8062,0.0387,0.0236,-0.0262,-0.22,0.0,-0.39,23431.0,123.5,75.88,91.11,301.6,0.15,0.57,2.0,812.29,50.094,40.035,-105.343636,5941.94,NaN,,2.68,38.709675,135.2,15 / 25,2641,2015-06-12 12:42:50:328
0.1879,-0.0392,10.0829,-0.0923,-0.0284,9.8062,0.0387,0.0236,-0.0262,-0.22,0.0,-0.39,23431.0,123.5,75.88,91.11,301.6,0.15,0.57,2.0,812.29,50.094,40.035,-105.343636,5941.94,NaN,,2.68,38.709675,135.2,15 / 25,2652,2015-06-12 12:42:50:339
0.1879,-0.0392,10.0829,-0.0923,-0.0284,9.8062,0.0387,0.0236,-0.0262,-0.22,0.0,-0.39,23431.0,123.5,75.88,91.11,301.6,0.15,0.57,2.0,812.29,50.094,40.035,-105.343636,5941.94,NaN,,2.68,38.709675,135.2,15 / 25,2661,2015-06-12 12:42:50:348
-0.2084,-0.069,9.9615,-0.0923,-0.0284,9.8062,0.0387,0.0236,-0.0262,-0.22,0.0,-0.39,23431.0,123.5,75.88,91.11,301.6,0.15,0.57,2.0,812.29,50.094,40.035,-105.343636,5941.94,NaN,,2.68,38.709675,135.2,15 / 25,2671,2015-06-12 12:42:50:358
-0.2084,-0.069,9.9615,-0.0923,-0.0284,9.8062,0.0387,0.0236,-0.0262,-0.22,0.0,-0.39,23431.0,123.77,75.56,91.27,301.42,0.17,0.54,2.0,812.29,50.094,40.035,-105.343636,5941.94,NaN,,2.68,38.709675,135.2,15 / 25,2683,2015-06-12 12:42:50:370
-0.2084,-0.069,9.9615,-0.0923,-0.0284,9.8062,0.0387,0.0236,-0.0262,-0.22,0.0,-0.39,23431.0,123.77,75.56,91.27,301.42,0.17,0.54,2.0,812.29,50.094,40.035,-105.343636,5941.94,NaN,,2.68,38.709675,135.2,15 / 25,2690,2015-06-12 12:42:50:377
-0.2084,-0.069,9.9615,-0.0825,-0.0337,9.8062,0.0387,0.0236,-0.0262,-0.22,0.0,-0.39,23431.0,123.77,75.56,91.27,301.42,0.17,0.54,2.0,812.29,50.094,40.035,-105.343636,5941.94,NaN,,2.68,38.709675,135.2,15 / 25,2701,2015-06-12 12:42:50:388
-0.2084,-0.069,9.9615,-0.0825,-0.0337,9.8062,0.0387,0.0236,-0.0262,-0.22,0.0,-0.39,23431.0,123.77,75.56,91.27,301.42,0.17,0.54,2.0,812.29,50.094,40.035,-105.343636,5941.94,NaN,,2.68,38.709675,135.2,15 / 25,2711,2015-06-12 12:42:50:398
-0.2084,-0.069,9.9615,-0.0825,-0.0337,9.8062,0.0387,0.0236,-0.0262,-0.22,0.0,-0.39,23431.0,123.77,75.56,91.27,301.42,0.17,0.54,2.0,812.29,50.094,40.035,-105.343636,5941.94,NaN,,2.68,38.709675,135.2,15 / 25,2721,2015-06-12 12:42:50:408
-0.2084,-0.069,9.9615,-0.0825,-0.0337,9.8062,0.0387,0.0236,-0.0262,-0.22,0.0,-0.39,23431.0,123.77,75.56,91.27,301.42,0.17,0.54,2.0,812.29,50.094,40.035,-105.343636,5941.94,NaN,,2.68,38.709675,135.2,15 / 25,2730,2015-06-12 12:42:50:417
-0.2084,-0.069,9.9615,-0.0825,-0.0337,9.8062,0.0387,0.0236,-0.0262,-0.22,0.0,-0.39,23431.0,123.77,75.56,91.27,301.42,0.17,0.54,2.0,812.29,50.094,40.035,-105.343636,5941.94,NaN,,2.68,38.709675,135.2,15 / 25,2741,2015-06-12 12:42:50:428
-0.2084,-0.069,9.9615,-0.0825,-0.0337,9.8062,0.0387,0.0236,-0.0262,-0.22,0.0,-0.39,23431.0,123.77,75.56,91.27,301.42,0.17,0.54,2.0,812.29,50.094,40.035,-105.343636,5941.94,NaN,,2.68,38.709675,135.2,15 / 25,2751,2015-06-12 12:42:50:438
-0.2084,-0.069,9.9615,-0.0825,-0.0337,9.8062,0.0387,0.0236,-0.0262,-0.22,0.0,-0.39,23431.0,123.77,75.56,91.27,301.42,0.17,0.54,2.0,812.29,50.094,40.035,-105.343636,5941.94,NaN,,2.68,38.709675,135.2,15 / 25,2761,2015-06-12 12:42:50:448
-0.6428,0.0239,9.6747,-0.0825,-0.0337,9.8062,-0.0331,-0.0538,0.0373,-1.38,-2.88,-1.25,23431.0,123.77,75.56,91.27,301.42,0.17,0.54,2.0,812.29,50.094,40.035,-105.343636,5941.94,NaN,,2.68,38.709675,135.2,15 / 25,2771,2015-06-12 12:42:50:458
-0.6428,0.0239,9.6747,-0.0825,-0.0337,9.8062,-0.0331,-0.0538,0.0373,-1.38,-2.88,-1.25,23431.0,123.77,75.56,91.27,301.42,0.17,0.54,2.0,812.29,50.094,40.035,-105.343636,5941.94,NaN,,2.68,38.709675,135.2,15 / 25,2781,2015-06-12 12:42:50:468
-0.6428,0.0239,9.6747,-0.0825,-0.0337,9.8062,-0.0331,-0.0538,0.0373,-1.38,-2.88,-1.25,23431.0,123.77,75.56,91.27,301.42,0.17,0.54,2.0,812.29,50.094,40.035,-105.343636,5941.94,NaN,,2.68,38.709675,135.2,15 / 25,2791,2015-06-12 12:42:50:478
-0.6428,0.0239,9.6747,-0.0825,-0.0337,9.8062,-0.0331,-0.0538,0.0373,-1.38,-2.88,-1.25,23431.0,123.77,75.56,91.27,301.42,0.17,0.54,2.0,812.29,50.094,40.035,-105.343636,5941.94,NaN,,2.68,38.709675,135.2,15 / 25,2801,2015-06-12 12:42:50:488
-0.6428,0.0239,9.6747,-0.0825,-0.0337,9.8062,-0.0331,-0.0538,0.0373,-1.38,-2.88,-1.25,23431.0,123.77,75.56,91.27,301.42,0.17,0.54,2.0,812.29,50.094,40.035,-105.343636,5941.94,NaN,,2.68,38.709675,135.2,15 / 25,2810,2015-06-12 12:42:50:497
-0.6428,0.0239,9.6747,-0.0825,-0.0337,9.8062,-0.0331,-0.0538,0.0373,-1.38,-2.88,-1.25,23431.0,123.01,75.69,91.11,301.66,0.2,0.48,2.0,812.29,50.094,40.035,-105.343636,5941.94,NaN,,2.68,38.709675,135.2,15 / 25,2821,2015-06-12 12:42:50:508
-0.6428,0.0239,9.6747,-0.0721,-0.0479,9.8063,-0.0331,-0.0538,0.0373,-1.38,-2.88,-1.25,23431.0,123.01,75.69,91.11,301.66,0.2,0.48,2.0,812.29,50.094,40.035,-105.343636,5941.94,NaN,,2.68,38.709675,135.2,15 / 25,2831,2015-06-12 12:42:50:518
-0.6428,0.0239,9.6747,-0.0721,-0.0479,9.8063,-0.0331,-0.0538,0.0373,-1.38,-2.88,-1.25,23431.0,123.01,75.69,91.11,301.66,0.2,0.48,2.0,812.29,50.094,40.035,-105.343636,5941.94,NaN,,2.68,38.709675,135.2,15 / 25,2841,2015-06-12 12:42:50:528
-0.6428,0.0239,9.6747,-0.0721,-0.0479,9.8063,-0.0331,-0.0538,0.0373,-1.38,-2.88,-1.25,23431.0,123.01,75.69,91.11,301.66,0.2,0.48,2.0,812.29,50.094,40.035,-105.343636,5941.94,NaN,,2.68,38.709675,135.2,15 / 25,2851,2015-06-12 12:42:50:538
-0.6428,0.0239,9.6747,-0.0721,-0.0479,9.8063,-0.0331,-0.0538,0.0373,-1.38,-2.88,-1.25,23431.0,123.01,75.69,91.11,301.66,0.2,0.48,2.0,812.29,50.094,40.035,-105.343636,5941.94,NaN,,2.68,38.709675,135.2,15 / 25,2861,2015-06-12 12:42:50:548
-0.2512,0.0274,9.8485,-0.0721,-0.0479,9.8063,-0.0331,-0.0538,0.0373,-1.38,-2.88,-1.25,23431.0,123.01,75.69,91.11,301.66,0.2,0.48,2.0,812.29,48.837,40.035,-105.343636,5941.94,NaN,,2.68,38.709675,135.2,15 / 25,2871,2015-06-12 12:42:50:558
-0.2512,0.0274,9.8485,-0.0721,-0.0479,9.8063,-0.0331,-0.0538,0.0373,-1.38,-2.88,-1.25,23431.0,123.01,75.69,91.11,301.66,0.2,0.48,2.0,812.29,48.837,40.035,-105.343636,5941.94,NaN,,2.68,38.709675,135.2,15 / 25,2883,2015-06-12 12:42:50:570
-0.2512,0.0274,9.8485,-0.0721,-0.0479,9.8063,-0.0331,-0.0538,0.0373,-1.38,-2.88,-1.25,20461.0,123.01,75.69,91.11,301.66,0.2,0.48,2.0,812.29,48.837,40.035,-105.343636,5941.94,NaN,,2.68,38.709675,135.2,15 / 25,2892,2015-06-12 12:42:50:579